Nom;Code;SociÈtÈ liÈe
16nouvembre nahda khouribga;700325;CASH PLUS
2 MARS MURDOCH;701924;CASH PLUS
20 AOUT MRIRT;700914;CASH PLUS
2021-03-02;700392;CASH PLUS
9DECEMBRE;700409;CASH PLUS
AABIR SIDI MOUMEN;701488;CASH PLUS
ABI HORAIRA;702073;CASH PLUS
ABOUBAKR EL KADIRI;701390;CASH PLUS
ACIMA HAY RIYAD;700701;CASH PLUS
ADARISSA;700806;CASH PLUS
AFRA;701663;CASH PLUS
AFRIQIA GUEDDARI;701400;CASH PLUS
AGADIR AL HOUDA 2;700994;CASH PLUS
AGADIR ATTADAMONE;701806;CASH PLUS
AGADIR AV HASSAN 1ER (oubani);701945;CASH PLUS
AGADIR HAY ENNAHDA;701103;CASH PLUS
AGADIR TARAST;700430;CASH PLUS
AGADIR battoir;700446;CASH PLUS
AGATILILAFR;701171;CASH PLUS
AGENCE  ITZER;701778;CASH PLUS
AGHBALOU;701691;CASH PLUS
AGI CASH KETTARA;097900;BARID CASH
AGICASH HAD RAS L'AIN;097898;BARID CASH
AGICASH KELAA SRAGHNA EL QODS;097893;BARID CASH
AGICASH NZALATE LAADIM;097895;BARID CASH
AGICASH SIDI BOUATHMANE;097899;BARID CASH
AHFIR;700363;CASH PLUS
AHFIR OUED EDDAHAB;702147;CASH PLUS
AIN AGHBALA;700191;CASH PLUS
AIN AOUDA HASSAN 2;701312;CASH PLUS
AIN ATIG CENTRE;701407;CASH PLUS
AIN BNI MATHAR;701104;CASH PLUS
AIN CHEBIK MEKNES;700186;CASH PLUS
AIN HAROUNE;700757;CASH PLUS
AIN KHABAZ;701106;CASH PLUS
AIN RAHMA OULED TIDRARINE;701627;CASH PLUS
AIN SBAA TRIBUNAL;702227;CASH PLUS
AINLEUHFR;701168;CASH PLUS
AINSMEN;700704;CASH PLUS
AINTAOUJDATE;700500;CASH PLUS
AIT AISSA  CASH 1400;700165;CASH PLUS
AIT BLAL;702386;CASH PLUS
AIT HANI;702081;CASH PLUS
AIT MELLOUL HAY ALMOSTAQBAL;700539;CASH PLUS
AIT MELLOUL HAY ALMOUSAQBAL;702005;CASH PLUS
AIT OULAL;700773;CASH PLUS
AITMELLOUL;700407;CASH PLUS
AITOURIR;701981;CASH PLUS
AJANNIF;700794;CASH PLUS
AJDIR;701403;CASH PLUS
AKHFENNIR;701397;CASH PLUS
AKIOUD FR 2;701317;CASH PLUS
AKM TANGER BD PARIS;097514;BARID CASH
AKM TNIN CHTOUKA;097511;BARID CASH
AL ALIA;701547;CASH PLUS
AL AQABA;701913;CASH PLUS
AL INARA MEKNES;700803;CASH PLUS
AL MANAR;701025;CASH PLUS
AL MASSAR MARRAKECH;700236;CASH PLUS
AL Matar;702121;CASH PLUS
AL QODS AGADIR ;701868;CASH PLUS
ALALMA;701524;CASH PLUS
ALBOUSTANE 2 BERNOUSSI;701483;CASH PLUS
ALFIRDAOUS ZOAGHA;701568;CASH PLUS
ALHAOUAFATE;702273;CASH PLUS
ALHASSANI;701975;CASH PLUS
ALHOCEIMA;701348;CASH PLUS
ALHOCEIMAHASSAN2;701383;CASH PLUS
ALIA SIDI MOUMEN;701765;CASH PLUS
ALIENCE KASBA;701320;CASH PLUS
ALKA BERNOUSSI;098072;BARID CASH
ALKA DERB SULTAN;098074;BARID CASH
ALKA HAY MOHAMMADI;098075;BARID CASH
ALKA SIDI MOUMEN;098073;BARID CASH
ALKHALIL;700342;CASH PLUS
ALLAL BEN ABDELLAH ;702004;CASH PLUS
ALLAL BEN ABDELLAH OUAZZAN;701682;CASH PLUS
ALLIANCE MEHDIA;700137;CASH PLUS
ALMASSAR;701504;CASH PLUS
ALMASSIRA 2;700470;CASH PLUS
ALQODS GUELMIM;702218;CASH PLUS
ALQODS HAY SAADA ;701583;CASH PLUS
ALQODS3;701724;CASH PLUS
ALWAKALA;701301;CASH PLUS
ALWAN AL ISMAILIA Nador;701970;CASH PLUS
AM TANGER ACHNAD;097830;BARID CASH
AM TANGER OUAMA ;097831;BARID CASH
AMANIKIDAR cummune OUAKLIM;700741;CASH PLUS
AMY AGADIR SOUK EL HAD;097603;BARID CASH
ANANAS OUJDA;700904;CASH PLUS
AOUAMA AL GHARBIYA;702017;CASH PLUS
AOUFOUS CENTRE;700221;CASH PLUS
AOULOUZ;701318;CASH PLUS
AROMA ASKJOUR MHALID;701762;CASH PLUS
ARST IHIRI BABDOUKKALA;700831;CASH PLUS
ASJENN;702352;CASH PLUS
ASNI;701684;CASH PLUS
ASSAYS AIT MELLOUL;702148;CASH PLUS
ASSMALEK;701985;CASH PLUS
ASSOUL;700812;CASH PLUS
ASSRIR;700598;CASH PLUS
ATAOUIYA 2;700183;CASH PLUS
ATTOUFANI ELJADIDA;700451;CASH PLUS
AV FES;702214;CASH PLUS
AV MOHAMED 6;701079;CASH PLUS
AVENUE AL AMN;702262;CASH PLUS
AVENUE DES FAR;700052;CASH PLUS
AVENUE MED V BENGUERIR;701541;CASH PLUS
AVENUE MOHAMED TRIAAI;700232;CASH PLUS
AWY LQLIAA;098986;BARID CASH
AWY QUARTIER INDUSTRIEL AGADIR;098987;BARID CASH
AWY TIZNIT SIDI ABDERRAHMANE;098990;BARID CASH
AWY TLETA EL AKHSASS;097602;BARID CASH
AZ FOUM AL ANSAR;097772;BARID CASH
AZ IGHREM LAALAM;097774;BARID CASH
AZ OULED ZMAM;097773;BARID CASH
AZEMMOUR Eurosol;701990;CASH PLUS
AZOUZIA GARE ROUTI…RE;700289;CASH PLUS
AZROU av hassan II ( COG);700734;CASH PLUS
Aaouinate hjjaj;700292;CASH PLUS
Abou Alaa Beni mellal;701612;CASH PLUS
Administratif sidi alal bahraoui;701964;CASH PLUS
Agadir KETTANI;700661;CASH PLUS
Agadir boulevard imam Boukhari;701608;CASH PLUS
Agadir complexe MARINA ;701803;CASH PLUS
Agadir la gare;700280;CASH PLUS
Ain Ktiouet;700651;CASH PLUS
Ain Sbaa Disney;700240;CASH PLUS
Ait Majdane;700931;CASH PLUS
Ait Melloul Hay TAMAZART;702236;CASH PLUS
Ait Melloul Quartier Industriel;700234;CASH PLUS
Ait melloul Quartier Admin;700507;CASH PLUS
Ait ouagmar oued Essafa;701688;CASH PLUS
Al Firdaous ain aouda;701791;CASH PLUS
Al Omrane;700552;CASH PLUS
Al ouahda nador;700615;CASH PLUS
Al raid route ait tislit;701772;CASH PLUS
Aljayche al malaki;701712;CASH PLUS
Aljazira Mall;700954;CASH PLUS
Aourir Hay Igueroufoulous;700196;CASH PLUS
Arrahma 80;700733;CASH PLUS
Assalam;701855;CASH PLUS
Atacadao sidikacem;700796;CASH PLUS
BAB AHMER;701735;CASH PLUS
BAB ALGHOUL;702172;CASH PLUS
BAB BARRED;701273;CASH PLUS
BAB EL AIN;702248;CASH PLUS
BAB MARZOUKA ;700830;CASH PLUS
BAJGANI;701888;CASH PLUS
BALADIA;700390;CASH PLUS
BALADIYA KSAR EL KBIR PR;700459;CASH PLUS
BAS CASH TOUNDOUT;097676;BARID CASH
BAYT EL FATH;702217;CASH PLUS
BAYTI SAKANE OULFA;700641;CASH PLUS
BAZILIK;701126;CASH PLUS
BC  TANGER CASABARATA;098157;BARID CASH
BC AFOURER;083793;BARID CASH
BC AGADIR BENSERGAO;083660;BARID CASH
BC AGADIR FOUNTY;083659;BARID CASH
BC AGADIR HAY AL WAFA;083429;BARID CASH
BC AGADIR HAY DAKHLA;083661;BARID CASH
BC AGADIR PPAL;083806;BARID CASH
BC AGUELMOUSS;083443;BARID CASH
BC AHFIR;083678;BARID CASH
BC AIN EL OUDA;083453;BARID CASH
BC AIT MELLOUL ZONE INSUSTRIELLE;083430;BARID CASH
BC AKLIM;083740;BARID CASH
BC ALKARAMA EL JADIDA 02;098138;BARID CASH
BC ALKARAMA FÇs Atlas;098114;BARID CASH
BC ALKARAMA Koulouche;098122;BARID CASH
BC ALKARAMA MARRAKECH;098103;BARID CASH
BC ALKARAMA NADOR;098111;BARID CASH
BC ALKARAMA SOUK SEBT;098098;BARID CASH
BC ALKARAMA YOUSSOUFIA;098090;BARID CASH
BC AMEZMEZ;098156;BARID CASH
BC AMIZMIZ;083415;BARID CASH
BC AOULOUZ;083723;BARID CASH
BC ASSILAH;083996;BARID CASH
BC ATTAOUIA ECHCHEIBIYA;083904;BARID CASH
BC AZEMMOUR OUM ERRABIA;083621;BARID CASH
BC AZEMMOUR PPAL;083690;BARID CASH
BC AZILAL;083714;BARID CASH
BC AZILAL MEDINA;083449;BARID CASH
BC AZROU AHADAF;083893;BARID CASH
BC Agadir Talborj;083880;BARID CASH
BC BASSATINE AL MENZEH;083633;BARID CASH
BC BD BAB TAZA;098181;BARID CASH
BC BD EL GARA;098178;BARID CASH
BC BD EL HAJEB;098179;BARID CASH
BC BD KSAR LBHAR;098183;BARID CASH
BC BD MOULAY DRISS ZERHOUNE ;098184;BARID CASH
BC BD SALMIA 2 CASA;098177;BARID CASH
BC BD SIDI REDOUANE;098188;BARID CASH
BC BEN AHMED;083988;BARID CASH
BC BENGUERIR VILLE ;083756;BARID CASH
BC BENI BOUAYACH;083764;BARID CASH
BC BENI DRAR;083697;BARID CASH
BC BENI MELLAL PPAL;083825;BARID CASH
BC BENSLIMANE FATH ;083411;BARID CASH
BC BERKANE EL OUIDADAYA;083765;BARID CASH
BC BERKANE PPAL;083675;BARID CASH
BC BERRECHID HAY HASSANI ;083416;BARID CASH
BC BERRECHID YASSMINA;083857;BARID CASH
BC BNI AHMED;083450;BARID CASH
BC BOUARFA;083681;BARID CASH
BC BOULANOUAR;083644;BARID CASH
BC BOUSKOURA;083780;BARID CASH
BC BOUZNIKA;083667;BARID CASH
BC Beni Mellal Oulad Hamdane;083903;BARID CASH
BC CASA 2 MARS;083881;BARID CASH
BC CASA ABDELKADER ESSAHRAOUI;083419;BARID CASH
BC CASA ABDELMOUMEN;083652;BARID CASH
BC CASA AIN BORJA;083926;BARID CASH
BC CASA AIN CHOK;083696;BARID CASH
BC CASA AIN DIAB;083727;BARID CASH
BC CASA AIN HARROUDA;083962;BARID CASH
BC CASA AIN SEBAA PLAGE;083423;BARID CASH
BC CASA ATTACHAROUK;083787;BARID CASH
BC CASA AZHARI;083847;BARID CASH
BC CASA BD DE PARIS;083629;BARID CASH
BC CASA BD EL GUERNAOUI;083630;BARID CASH
BC CASA BERNOUSSI;083946;BARID CASH
BC CASA BOULEVARD BOURGOGNE;083909;BARID CASH
BC CASA BOURSE;083669;BARID CASH
BC CASA BOUSMARA;083907;BARID CASH
BC CASA DERB SIDNA;083813;BARID CASH
BC CASA ENNASSIM;083957;BARID CASH
BC CASA GARE;083941;BARID CASH
BC CASA GHANDI;083949;BARID CASH
BC CASA HAOUZIA;083911;BARID CASH
BC CASA HAY EL BARAKA;083925;BARID CASH
BC CASA HAY EL FALAH;083797;BARID CASH
BC CASA HAY EL FARAH;083950;BARID CASH
BC CASA HAY HASSANI;083811;BARID CASH
BC CASA HAY JAMILA;083783;BARID CASH
BC CASA HAY MOHAMMADI;083854;BARID CASH
BC CASA HAY RMILA;083782;BARID CASH
BC CASA IBN TACHAFINE;083814;BARID CASH
BC CASA JAWHARA;083846;BARID CASH
BC CASA JAWHARAT RAHMA;083438;BARID CASH
BC CASA JOULANE;083910;BARID CASH
BC CASA MCALLA;083924;BARID CASH
BC CASA MOHAMED VI;083695;BARID CASH
BC CASA OULFA;083816;BARID CASH
BC CASA OUM RABIAA;083724;BARID CASH
BC CASA PPAL;083948;BARID CASH
BC CASA QUARTIER DES HOPITAUX;083766;BARID CASH
BC CASA ROUDANI;083774;BARID CASH
BC CASA SIDI MOUMEN;083712;BARID CASH
BC DAR BOUAZZA;083781;BARID CASH
BC DCHEIRA;083877;BARID CASH
BC DRIOUCH;083649;BARID CASH
BC EC EL BROUJ;098863;BARID CASH
BC EC JAMAAT SHAIM;098860;BARID CASH
BC EC SMIMOU;098868;BARID CASH
BC EC YOUSSOUFIA;098861;BARID CASH
BC ECˇ SIDI ZOUINE;098867;BARID CASH
BC EL AIOUN;083898;BARID CASH
BC EL HAJEB;083795;BARID CASH
BC EL HARHOURA;083734;BARID CASH
BC EL JADIDA BIR ANZARANE;083942;BARID CASH
BC EL JADIDA JOUHARA;083799;BARID CASH
BC EL JADIDA SAADA;083855;BARID CASH
BC EMILE ZOLA;083448;BARID CASH
BC ERRACHIDIA BOUTALAMINE;083838;BARID CASH
BC ERRACHIDIA PPAL;083682;BARID CASH
BC ESSAOUIRA PPAL;083961;BARID CASH
BC FES AGDAL;083410;BARID CASH
BC FES AL WIFAQ;083442;BARID CASH
BC FES ANNARJIS;083761;BARID CASH
BC FES BATHA;083902;BARID CASH
BC FES BENSOUDA;083679;BARID CASH
BC FES DOKKARAT;083964;BARID CASH
BC FES JDID;083906;BARID CASH
BC FES JENANATE;083888;BARID CASH
BC FES PPAL;083827;BARID CASH
BC FKIH BAN SALAH ALLAL BEN ABDELLAH;083872;BARID CASH
BC FKIH BEN SALAH PPAL;083823;BARID CASH
BC FKIH BEN SALEH GARE;083623;BARID CASH
BC FOUM JEMAA;083414;BARID CASH
BC FRC SIDI BIBI;098430;BARID CASH
BC FRC TIKIOUINE;098431;BARID CASH
BC GUERCIF;098108;BARID CASH
BC GUERCIF ;098108;BARID CASH
BC HAD SOUALEM;083403;BARID CASH
BC IMINTANOUNTE;083715;BARID CASH
BC IMOUZER KANDAR;083972;BARID CASH
BC IMZOUREN;083884;BARID CASH
BC INEZGANE MESDOURA;083643;BARID CASH
BC INEZGANE PPAL;083915;BARID CASH
BC INEZGANE TARRAST;083769;BARID CASH
BC JEBHA;083641;BARID CASH
BC JMM KHOURIBGA MOHAMED VI;098410;BARID CASH
BC KENITRA ANCIENNE MEDINA ;083439;BARID CASH
BC KENITRA KHABBAZATE;083901;BARID CASH
BC KENITRA NOUVELLE MEDINA;083951;BARID CASH
BC KENITRA OULAD OUJIH;083687;BARID CASH
BC KENITRA VILLE HAUTE;083753;BARID CASH
BC KHEMIS AIT YADDINE;083452;BARID CASH
BC KHEMIS DES ZEMAMRA;083440;BARID CASH
BC KHEMISSET ESSAADA;083777;BARID CASH
BC KHENIFRA AMALOU IGHRIBEN;083755;BARID CASH
BC KHENIFRA BOUFOULOUSSEN;083870;BARID CASH
BC KHENIFRA PPAL;083837;BARID CASH
BC KHLALFA;083760;BARID CASH
BC KHOURIBGA AL AMAL;083745;BARID CASH
BC KHOURIBGA HAY ESSALAM;083866;BARID CASH
BC KHOURIBGA NAHDA;083861;BARID CASH
BC KSAR KEBIR PPAL;083842;BARID CASH
BC KSAR SGHIR;083732;BARID CASH
BC KSER KBIR HAY SALAM;083998;BARID CASH
BC LAAYOUNE PORT;083458;BARID CASH
BC LAAYOUNE VILLE;083912;BARID CASH
BC LALLA MIMOUNA;083634;BARID CASH
BC LARACHE;083929;BARID CASH
BC LI Sebt Gzoula;098465;BARID CASH
BC MARRAKECH AIT DAOUD;083437;BARID CASH
BC MARRAKECH AL FADL;083406;BARID CASH
BC MARRAKECH ALLAL EL FASSI;083412;BARID CASH
BC MARRAKECH AMERCHICH;083890;BARID CASH
BC MARRAKECH BAB AGNAOU;083773;BARID CASH
BC MARRAKECH BORJ ZAITOUN;083422;BARID CASH
BC MARRAKECH DIOUR ECHCHOUHADA;083436;BARID CASH
BC MARRAKECH DOUAR IZIKI;083719;BARID CASH
BC MARRAKECH HAY MOHAMMADI;083691;BARID CASH
BC MARRAKECH PPAL;083834;BARID CASH
BC MARRAKECH SIDI ABBAD;083891;BARID CASH
BC MARTIL;083905;BARID CASH
BC MEDIOUNA;083447;BARID CASH
BC MEKNES BORJ MOULAY OMAR;083892;BARID CASH
BC MEKNES BOUSTANE;083645;BARID CASH
BC MEKNES CHOUHADA;083759;BARID CASH
BC MEKNES EL WIFAK;083635;BARID CASH
BC MEKNES KORTOBA;083990;BARID CASH
BC MEKNES SIDI BOUZEKRI;083989;BARID CASH
BC MIDAR;083648;BARID CASH
BC MIDELT;083460;BARID CASH
BC MIRELEFT;083642;BARID CASH
BC MISSOUR;083887;BARID CASH
BC MOHAMMADIA EL ALIA;083908;BARID CASH
BC MOHAMMADIA GARE;083462;BARID CASH
BC MOHAMMADIA HASSANIA;083428;BARID CASH
BC MOHAMMADIA RACHIDIA;083928;BARID CASH
BC MOHAMMEDIA PPAL;083725;BARID CASH
BC MONTE ARRUIˇ MASSIRA;083869;BARID CASH
BC MOULAY ABDALLAH;083431;BARID CASH
BC MRIRT;083969;BARID CASH
BC MRIRT BOULACHFAR;083798;BARID CASH
BC OASIS GARE;083871;BARID CASH
BC OUARZAZATE TAOURIRT;083638;BARID CASH
BC OUEZZANE;083992;BARID CASH
BC OUISLANE;083721;BARID CASH
BC OUJDA ERRIAD;083896;BARID CASH
BC OUJDA PPAL;083839;BARID CASH
BC OUJDA TAKADOUM;083897;BARID CASH
BC OULAD ABBOU;083444;BARID CASH
BC OULAD TEIMA HAY EL KOURSI;083770;BARID CASH
BC OULED FREJ;083646;BARID CASH
BC OULED TAIMA;083916;BARID CASH
BC OUTAT EL HAJ;083737;BARID CASH
BC RABAT AKKARI;083933;BARID CASH
BC RABAT ALINBIAT;083404;BARID CASH
BC RABAT CHELLAH ;083699;BARID CASH
BC RABAT ENNAHDA;083666;BARID CASH
BC RABAT IRFANE;083971;BARID CASH
BC RABAT MECHOUAR;083752;BARID CASH
BC RABAT RP;083779;BARID CASH
BC RABAT RYAD;083673;BARID CASH
BC RETBA;083762;BARID CASH
BC RHAFSAI;083407;BARID CASH
BC SAFI AL MASSIRA ˇ;083445;BARID CASH
BC SAFI AZIB DRAI;083446;BARID CASH
BC SAFI LES COURSES;083626;BARID CASH
BC SAFI SIDI BOUDHAB;083944;BARID CASH
BC SAFI SIDI OUSSAL;083943;BARID CASH
BC SAHRIJ;083401;BARID CASH
BC SAIDIA;083919;BARID CASH
BC SALE BAB CHAAFA;083754;BARID CASH
BC SALE EL JADIDA ;083688;BARID CASH
BC SALE HAY ESSALAM;083900;BARID CASH
BC SALE HAY KARIMA;083987;BARID CASH
BC SALE LAYAYDA;083945;BARID CASH
BC SALE MOHAMMADI;083931;BARID CASH
BC SALE SIDI MOUSSA;083935;BARID CASH
BC SC AKKA;098289;BARID CASH
BC SC FAM ZGUID;098297;BARID CASH
BC SC MOULAY BOUAZZA;098298;BARID CASH
BC SC SKOURA;098295;BARID CASH
BC SC TALIOUINE CENTRE;098287;BARID CASH
BC SC TIRHMITIZNIT;098291;BARID CASH
BC SCT CASH OUJDA AL HIKMA;098279;BARID CASH
BC SCTˇ KELAA MEGOUNA;098285;BARID CASH
BC SCˇ CENTRE TIOUGHZA SIDI IFNI;098288;BARID CASH
BC SEBAA AIOUN;083622;BARID CASH
BC SEBT OULAD NEMMA;083418;BARID CASH
BC SEBT OULAD NEMMA FAR;083654;BARID CASH
BC SEFROU PPAL;083680;BARID CASH
BC SELOUANEˇ;083738;BARID CASH
BC SETTAT;098140;BARID CASH
BC SETTAT SAMIR;083746;BARID CASH
BC SIDI ADDI;083636;BARID CASH
BC SIDI BENNOUR;083956;BARID CASH
BC SIDI BOUZID;083435;BARID CASH
BC SIDI KACEM;083985;BARID CASH
BC SIDI YOUSSEF BEN ALI ;098104;BARID CASH
BC SKHOUR REHAMNA;083639;BARID CASH
BC SKOURA SEGHROUCHEN;083763;BARID CASH
BC SOUK LARBAA ;083729;BARID CASH
BC TADLA BOUDRAA;083824;BARID CASH
BC TADLA PPAL;083937;BARID CASH
BC TAFTECHT;083455;BARID CASH
BC TAGOUNITE;083775;BARID CASH
BC TAMEGROUTE;083463;BARID CASH
BC TANGER BIR CHIFA;083631;BARID CASH
BC TANGER BNI MAKKADA;083768;BARID CASH
BC TANGER DAR MOUIGNA;083426;BARID CASH
BC TANGER DRADEB;083461;BARID CASH
BC TANGER GZENAYA;083994;BARID CASH
BC TANGER MAJD;083664;BARID CASH
BC TANGER MSALLAH;083720;BARID CASH
BC TANGER PPAL;083841;BARID CASH
BC TANGER VAL FLEURI;083995;BARID CASH
BC TAOURIRT;083879;BARID CASH
BC TARGUISTE;083883;BARID CASH
BC TAROUDANT;083662;BARID CASH
BC TATA;083885;BARID CASH
BC TAZA GARE;083794;BARID CASH
BC TAZA HAUT;083981;BARID CASH
BC TAZA PPAL;083873;BARID CASH
BC TEMARA AL WIFAK;083771;BARID CASH
BC TEMARA FATH EL KHEIR;083772;BARID CASH
BC TEMARA FOUARATE;083735;BARID CASH
BC TEMARA PPAL;083803;BARID CASH
BC TETOUAN TOUABEL;083980;BARID CASH
BC TETOUANE MHANNECH;083658;BARID CASH
BC TETOUANE SIDI TALHA;083657;BARID CASH
BC TIFLET;083850;BARID CASH
BC TNINE LAMHAYA;083408;BARID CASH
BC TNINE OUDAYA;083405;BARID CASH
BC TêTOUAN M'DIQ;083844;BARID CASH
BC WINAS TARMIGTE;098560;BARID CASH
BC ZAGORA;083983;BARID CASH
BC ZAIO;083677;BARID CASH
BC ZEGHANGHAN;083952;BARID CASH
BC ˇBEN TIB ˇ;083432;BARID CASH
BCTJ CASA AL HADIKA;097704;BARID CASH
BCTJ OULED OUJIH ;097703;BARID CASH
BCTJˇ BZOU ;097701;BARID CASH
BCˇCHEMAIA;083960;BARID CASH
BCˇMEKNES BNI MHAMED;083894;BARID CASH
BCˇOUARZAZATE;083967;BARID CASH
BCˇRABAT GUICH OUDAYA;083653;BARID CASH
BD AIT ISHAK ;098186;BARID CASH
BD BIRANZARAN Tinghir;700775;CASH PLUS
BD BOUDARBALA;098189;BARID CASH
BD FES BENSOUDA ;098172;BARID CASH
BD ZOUMI ;098187;BARID CASH
BEJZEKRAOUI;700605;CASH PLUS
BELFKIHˇTNINE GHARBIA;097924;BARID CASH
BELLE VUE KHEMISSAT;701614;CASH PLUS
BENGUERIR;700401;CASH PLUS
BENI AAROUS;701649;CASH PLUS
BENI CHIKER;701315;CASH PLUS
BENSLIMANE FES;701457;CASH PLUS
BERALAHRAM;702007;CASH PLUS
BERELYOUSSFI;700093;CASH PLUS
BERKANE;701345;CASH PLUS
BERKANE WIDADYA;700718;CASH PLUS
BERNOUSSI;700364;CASH PLUS
BERNOUSSI AZHAR;700149;CASH PLUS
BERRECHID LA GARE;702302;CASH PLUS
BHALIL;701686;CASH PLUS
BIOUGRA DERB GNAOUA;700276;CASH PLUS
BIR CHIFA 2;701556;CASH PLUS
BIR CHIFA TANGER;701905;CASH PLUS
BIR MEZOUI;702387;CASH PLUS
BLOC RIYAD HAY MOHAMMADI;700916;CASH PLUS
BNI HADIFA;702388;CASH PLUS
BNI KHLOUG;701227;CASH PLUS
BNI ZOLI;701319;CASH PLUS
BOUAAKAZ;701886;CASH PLUS
BOUARFA;702001;CASH PLUS
BOUCHANE;702389;CASH PLUS
BOUCHFAA;700510;CASH PLUS
BOUDHAR;702132;CASH PLUS
BOUDNIB;700981;CASH PLUS
BOUGAFER TINGHIR;701683;CASH PLUS
BOUHDILA;702102;CASH PLUS
BOUHLOU;702390;CASH PLUS
BOUHOUDA CENTRE;700871;CASH PLUS
BOUJNIBA;700356;CASH PLUS
BOUKIDAREN;701918;CASH PLUS
BOUKNADEL;700956;CASH PLUS
BOUMIA MARCHE;702212;CASH PLUS
BOUZGAR;701172;CASH PLUS
BOUZIANE;701986;CASH PLUS
BOUZNIKACTRIAD;700832;CASH PLUS
BRANES;700023;CASH PLUS
BRANES KEDIMA;701550;CASH PLUS
BSF HAOUAMA EL HADAD;097738;BARID CASH
BT OUJDA SAADA ;097682;BARID CASH
Bab Anassi 3;700300;CASH PLUS
Bab fes;701024;CASH PLUS
Bab lmkam;700857;CASH PLUS
Bensouda Centre;701597;CASH PLUS
Bir jdid lmahatta;701706;CASH PLUS
Bni ouassine;701471;CASH PLUS
Bni oukil;700895;CASH PLUS
Boujdour Widadyat taalim;700910;CASH PLUS
Boujdour la Corniche;701535;CASH PLUS
Boulevard Rabat Beni Mellal;700238;CASH PLUS
Boulevard Tah;700461;CASH PLUS
Boured Centre;700490;CASH PLUS
Brahma bd annecr;700327;CASH PLUS
CAFE MAURE;702139;CASH PLUS
CASA AFRIQUIA;700882;CASH PLUS
CASA BOURNAZEL;700148;CASH PLUS
CASA SIDI MAAROUF;701392;CASH PLUS
CASALQODS2;701195;CASH PLUS
CASANASSIPR;700414;CASH PLUS
CASANGLAIS;700940;CASH PLUS
CASBDAFGHANISTAN;701364;CASH PLUS
CASCHAHDIA;700396;CASH PLUS
CASELOULFA;701145;CASH PLUS
CASHPLUS YACOUT;700286;CASH PLUS
CASHPOP SALA AL JADIDA;097960;BARID CASH
CASMAARIF;701368;CASH PLUS
CASTERMINUS81;700062;CASH PLUS
CASTOUMERT;700398;CASH PLUS
CC OULFA EL HAJ FATEHˇ ;097818;BARID CASH
CENTRE AGOUIM;701443;CASH PLUS
CENTRE AIT ATTAB;700765;CASH PLUS
CENTRE ALANIF;700138;CASH PLUS
CENTRE AOURIR;700227;CASH PLUS
CENTRE BELFAA;700200;CASH PLUS
CENTRE BENI CHEGDALE;700738;CASH PLUS
CENTRE BRAKSA;702391;CASH PLUS
CENTRE GUISSER;702245;CASH PLUS
CENTRE IDAOUSEMELAL;702096;CASH PLUS
CENTRE IMOUZZER KANDER;700502;CASH PLUS
CENTRE JORF ERRACHIDIA;700220;CASH PLUS
CENTRE MASSA;700197;CASH PLUS
CENTRE MOKERISSAT;701718;CASH PLUS
CENTRE MOULAY BOUSSELHAM;702272;CASH PLUS
CENTRE OUAOUZGANE;700666;CASH PLUS
CENTRE RAS EL MA;701129;CASH PLUS
CENTRE SEBT EL GORDANE;700158;CASH PLUS
CENTRE TAMAITE;700339;CASH PLUS
CENTRE TAMANAR;702207;CASH PLUS
CENTRE TANANT;702112;CASH PLUS
CENTRE TIZTOUTINE;701096;CASH PLUS
CENTRE TOUAMA;700697;CASH PLUS
CENTRE VILLE;701078;CASH PLUS
CENTRE ZAG;701313;CASH PLUS
CHAABANE;701635;CASH PLUS
CHAABI Cash MK Khadamat ;009504;M2T
CHAABI NOUACER;702076;CASH PLUS
CHADLIˇOULAD TAYEB;097731;BARID CASH
CHAOUEN AV MLILIA;700787;CASH PLUS
CHARF ALIA;700982;CASH PLUS
CHEMAIA 2;701003;CASH PLUS
CHEMS SALE;700939;CASH PLUS
CHICHAOUA KHADAMATE IMINTANOUTE;701044;CASH PLUS
CHU OUJDA;700798;CASH PLUS
CITE DAKHLA ALFARABI;702200;CASH PLUS
CITY UNIVERSITAIRE;700049;CASH PLUS
COMPLEXE BEL BACHIR;700003;CASH PLUS
COSANES OULAD MTAA;097816;BARID CASH
CTBˇ ANDALOUS SAFIˇ ;097933;BARID CASH
CTBˇ MOUL BERGHI;097934;BARID CASH
CTBˇ TNINE LAGHYATˇ ;097935;BARID CASH
Casa Allal El Fassi;700663;CASH PLUS
Casa NearShore;701396;CASH PLUS
Casa Voyageurs Gare;701557;CASH PLUS
Casa Zevaco;701669;CASH PLUS
Cash Plus beni ayat;700265;CASH PLUS
Cash plus al alya;702319;CASH PLUS
Centre 44;701420;CASH PLUS
Centre ARAKMANE;701640;CASH PLUS
Centre ARBAA AIT BOUTAYEB;700163;CASH PLUS
Centre Arbaa Sahel;700992;CASH PLUS
Centre Bounaamane;700542;CASH PLUS
Centre Bouskoura;700462;CASH PLUS
Centre El Koudia El Beida;702053;CASH PLUS
Centre GHMATE;700823;CASH PLUS
Centre Imssouan;701770;CASH PLUS
Centre Issen;702016;CASH PLUS
Centre Nkob;700518;CASH PLUS
Centre SIDI OUAAZIZ;701018;CASH PLUS
Centre TOUBKKAL;700515;CASH PLUS
Centre Tazmourte ;700681;CASH PLUS
Centre Temssia;701746;CASH PLUS
Centre Ternata;700612;CASH PLUS
Centre khmiss sahel;700692;CASH PLUS
Centre ouled Jerrar;700534;CASH PLUS
Centre ouled bouaza souk sebt;700528;CASH PLUS
Centre ouled tarna;700581;CASH PLUS
Chaabi  Cash  Bghaibegh Services ;010636;M2T
Chaabi CAsh Amzil Cash;010012;M2T
Chaabi Cash  Baytherm Service;004216;M2T
Chaabi Cash  Koryad International;010111;M2T
Chaabi Cash  Sazine;000955;M2T
Chaabi Cash  Zaki Assur;009102;M2T
Chaabi Cash ACACIA DRAA;006171;M2T
Chaabi Cash AGENCE DRISS HADAD;003567;M2T
Chaabi Cash AL KAM Services;010118;M2T
Chaabi Cash Abdelhay Mabrouka Cash;002419;M2T
Chaabi Cash Afraw Global;006904;M2T
Chaabi Cash Africa Fourniture;001353;M2T
Chaabi Cash Afroukh;003342;M2T
Chaabi Cash Agence Asatoul;006588;M2T
Chaabi Cash Agence Hay Ahrik;002353;M2T
Chaabi Cash Agence SH2AD;009388;M2T
Chaabi Cash Agence SH2AD;009077;M2T
Chaabi Cash Agence Soukane Multi-services ;001399;M2T
Chaabi Cash Ahl Bahia Travaux;006278;M2T
Chaabi Cash Ahl Zag Service;006431;M2T
Chaabi Cash Ahmar;003157;M2T
Chaabi Cash Ahssan Services;001412;M2T
Chaabi Cash Airport Money Center;004219;M2T
Chaabi Cash Ait Ouaazik Cash;004233;M2T
Chaabi Cash Ait Qadi Service;006889;M2T
Chaabi Cash Akfousa Cash;006927;M2T
Chaabi Cash Al Aatae Service;006429;M2T
Chaabi Cash Al Hoceima Cash;003686;M2T
Chaabi Cash Al Manzah Trust;009401;M2T
Chaabi Cash Al Wijdan Service;006666;M2T
Chaabi Cash Alcazar Servicio;002409;M2T
Chaabi Cash All Service CH;010067;M2T
Chaabi Cash Am Info;001648;M2T
Chaabi Cash Amigo Express;003815;M2T
Chaabi Cash Amziren Cash;002349;M2T
Chaabi Cash Argent Sett;000958;M2T
Chaabi Cash Asofi Services;003687;M2T
Chaabi Cash Assafaeinfo;006247;M2T
Chaabi Cash Assar Cash;004220;M2T
Chaabi Cash Assia Trading;008088;M2T
Chaabi Cash Atkrpl;003079;M2T
Chaabi Cash Atlas Millenium;010198;M2T
Chaabi Cash Aya Riad Cash;003351;M2T
Chaabi Cash Azizak;010562;M2T
Chaabi Cash BKSM Travaux;003434;M2T
Chaabi Cash BMS Cash;006969;M2T
Chaabi Cash Bab Saida Cash;002382;M2T
Chaabi Cash Babel Des Services Et Marketing;005138;M2T
Chaabi Cash Baka Proxi;000158;M2T
Chaabi Cash Bakka Cars Renting;006536;M2T
Chaabi Cash Batouta Cash;002239;M2T
Chaabi Cash Beauty Hree;010184;M2T
Chaabi Cash Belmir Cash;010264;M2T
Chaabi Cash Benatrav;002735;M2T
Chaabi Cash Benor Euro Fes;001678;M2T
Chaabi Cash Bertuchi;002358;M2T
Chaabi Cash Best Groupe;003597;M2T
Chaabi Cash Best Quic Service;000710;M2T
Chaabi Cash Biha;006610;M2T
Chaabi Cash Bou la Telecom;000428;M2T
Chaabi Cash Bouhlala Express;006480;M2T
Chaabi Cash Bouihi Star;006138;M2T
Chaabi Cash Bouziani T&S;010416;M2T
Chaabi Cash Bureau Med Ozte;006527;M2T
Chaabi Cash CCCTeam;002703;M2T
Chaabi Cash CH ASH Service;001369;M2T
Chaabi Cash CM Ouayah Multiservices;010226;M2T
Chaabi Cash Cafe Mzoughan;004565;M2T
Chaabi Cash Cash 1486;003739;M2T
Chaabi Cash Cash Filali;006381;M2T
Chaabi Cash Cash GH;002793;M2T
Chaabi Cash Cash Larach;002417;M2T
Chaabi Cash Cash Sincerite;001691;M2T
Chaabi Cash Cash for you;006376;M2T
Chaabi Cash Cash transfert center;010103;M2T
Chaabi Cash Cash1200;008021;M2T
Chaabi Cash Cauta Nord;002363;M2T
Chaabi Cash Centre de Services et de Financement;006438;M2T
Chaabi Cash Chamkal Cash;002740;M2T
Chaabi Cash Chioua Services;002220;M2T
Chaabi Cash Dahiri Electro;000062;M2T
Chaabi Cash Daka Negoce;010265;M2T
Chaabi Cash Damsco Change;002340;M2T
Chaabi Cash Darouich Services;008114;M2T
Chaabi Cash Delma Travaux;010318;M2T
Chaabi Cash Devlopement Web Rabat Sdw;001229;M2T
Chaabi Cash Disweb Services;000716;M2T
Chaabi Cash Domaine Al Firdaws;008024;M2T
Chaabi Cash Doukkali;008098;M2T
Chaabi Cash Douniahani Cash;000979;M2T
Chaabi Cash Dream Salaf;006770;M2T
Chaabi Cash ETS Bin Rguibi Generale Trad;006973;M2T
Chaabi Cash Easy Payment;009477;M2T
Chaabi Cash El Aouni Services;003812;M2T
Chaabi Cash El Azzaoui Car;003688;M2T
Chaabi Cash El Bourkadi Com;003167;M2T
Chaabi Cash El Maketaba Divers Services;002209;M2T
Chaabi Cash El Ouali;003123;M2T
Chaabi Cash Elect Bakkali;006786;M2T
Chaabi Cash Ennaji Express;001327;M2T
Chaabi Cash Enovelty ;002233;M2T
Chaabi Cash Equipement Garti;003452;M2T
Chaabi Cash Erragdali Service;003778;M2T
Chaabi Cash Eska Express;006537;M2T
Chaabi Cash Espace Facile Khdema;010510;M2T
Chaabi Cash Espace Jihane Services;006070;M2T
Chaabi Cash Espace Multiservice Madiouni;003363;M2T
Chaabi Cash Espace Saaida;003608;M2T
Chaabi Cash Espace Saaida;003272;M2T
Chaabi Cash Espace Service Bni Chiker.;010195;M2T
Chaabi Cash Espace Service Ghris;003871;M2T
Chaabi Cash Espace des Services Dakhla;006187;M2T
Chaabi Cash Etoile Elhabachi;006198;M2T
Chaabi Cash Extra Damane;009512;M2T
Chaabi Cash FTMZ Service Sud;006883;M2T
Chaabi Cash Facility Concept;009459;M2T
Chaabi Cash Fask Work;010057;M2T
Chaabi Cash Fatima El Asri;001652;M2T
Chaabi Cash Ferhane Electrique;006991;M2T
Chaabi Cash First Family;004218;M2T
Chaabi Cash Flous Sahla;010019;M2T
Chaabi Cash Focus Imprimerie Papeterie Developement;002775;M2T
Chaabi Cash Focus Pro Informatique;009417;M2T
Chaabi Cash Forlec;010096;M2T
Chaabi Cash Founoun Service;006738;M2T
Chaabi Cash Fratelli Faida;006734;M2T
Chaabi Cash GBNI;009094;M2T
Chaabi Cash Gallery Mutiservices Technology;001633;M2T
Chaabi Cash Ghanni Marjana;000097;M2T
Chaabi Cash Gharb Negoce et Service;004803;M2T
Chaabi Cash Ghazoua Cashe;006510;M2T
Chaabi Cash Global Bus;004870;M2T
Chaabi Cash Global Services BG;006517;M2T
Chaabi Cash Golden Ombre;002789;M2T
Chaabi Cash Golden Valley Bureau;001227;M2T
Chaabi Cash Grobatim Service;003483;M2T
Chaabi Cash Group Tizini;003035;M2T
Chaabi Cash Gusto Car;006577;M2T
Chaabi Cash HI2M;010520;M2T
Chaabi Cash HM Info Global;002164;M2T
Chaabi Cash HZ PAY ;010506;M2T
Chaabi Cash Hachimi et Fils Services;006316;M2T
Chaabi Cash Haddad;000030;M2T
Chaabi Cash Hamma Location;010429;M2T
Chaabi Cash Harmel Services;003712;M2T
Chaabi Cash Hayt Oriental Cash;006985;M2T
Chaabi Cash Haytamiquen;010152;M2T
Chaabi Cash Hbiti;000851;M2T
Chaabi Cash Hejli Negoce;006737;M2T
Chaabi Cash Hicham Cash;010017;M2T
Chaabi Cash Hidon;006270;M2T
Chaabi Cash Hijaoui Nour;000753;M2T
Chaabi Cash Hmaidi;006498;M2T
Chaabi Cash Hotel Raiss;005135;M2T
Chaabi Cash Houbadi Services;004533;M2T
Chaabi Cash IMA-WAL Services;009429;M2T
Chaabi Cash IMMI Services;004127;M2T
Chaabi Cash Imrabten Cash;006071;M2T
Chaabi Cash Imrins Express;006835;M2T
Chaabi Cash Inal Tourstique;010317;M2T
Chaabi Cash Info Benk;010261;M2T
Chaabi Cash Innour Station Service;001248;M2T
Chaabi Cash Instant Liquidity;010369;M2T
Chaabi Cash Invest Transfert;010447;M2T
Chaabi Cash Iqiss Five Pillar;006526;M2T
Chaabi Cash Iska Services;001650;M2T
Chaabi Cash JAKOK NEGOCE;010218;M2T
Chaabi Cash K-Business;004840;M2T
Chaabi Cash Kanal Sys;006512;M2T
Chaabi Cash Kassita Car;010546;M2T
Chaabi Cash Kdilia Multiservices;010181;M2T
Chaabi Cash Keyabdo Info;001177;M2T
Chaabi Cash Khadamate Amria;003922;M2T
Chaabi Cash Khawa Multiservices;006728;M2T
Chaabi Cash Khidkate Service;003600;M2T
Chaabi Cash Kumari;009089;M2T
Chaabi Cash La Permanance;006778;M2T
Chaabi Cash Lachkah Cash;010470;M2T
Chaabi Cash Lagrimi Cash;001553;M2T
Chaabi Cash Lahboub Telecom;001532;M2T
Chaabi Cash Lakahal;003719;M2T
Chaabi Cash Lamari;010056;M2T
Chaabi Cash Lebbani Des Services;006735;M2T
Chaabi Cash Les Services Au Rendez Vous;003745;M2T
Chaabi Cash Librairie Papeterie;004075;M2T
Chaabi Cash Librairie Papeterie Ayat;002325;M2T
Chaabi Cash Liel Tec ;001393;M2T
Chaabi Cash Lkoh Conseil;010098;M2T
Chaabi Cash Lmjidri;006817;M2T
Chaabi Cash Logarithme Fournitures de Bureau et Services;009448;M2T
Chaabi Cash Louben Cash;010584;M2T
Chaabi Cash Loukili Multiservice;006794;M2T
Chaabi Cash Luck Distribution;010165;M2T
Chaabi Cash Lucky Services;004185;M2T
Chaabi Cash M2H Service;009552;M2T
Chaabi Cash M2T - Fkih Ben Saleh;000538;M2T
Chaabi Cash M2T - Oujda - Route Ain Serrak;000540;M2T
Chaabi Cash M2T Marrakech Saleh;000539;M2T
Chaabi Cash M2t - Agadir - Quartier Dakhla;000541;M2T
Chaabi Cash M2t - Agadir - Quartier Indutriel;000506;M2T
Chaabi Cash M2t - Beni Mellal - Quartier Amira;000530;M2T
Chaabi Cash M2t - Berrechid - Hay Hassan;000519;M2T
Chaabi Cash M2t - Berrechid - Lotissement Tissir;000536;M2T
Chaabi Cash M2t - Bouznika - Cite Al Amal;000546;M2T
Chaabi Cash M2t - Casa City;024035;M2T
Chaabi Cash M2t - Casablanca - Abdelmoumen;024005;M2T
Chaabi Cash M2t - Casablanca - Al Baraka;000545;M2T
Chaabi Cash M2t - Casablanca - Bourgogne;000520;M2T
Chaabi Cash M2t - Casablanca - Espace Pe;000561;M2T
Chaabi Cash M2t - Casablanca - Hay Moham;000507;M2T
Chaabi Cash M2t - Casablanca - Hay Sadri;000515;M2T
Chaabi Cash M2t - Casablanca - Lalla Yacout;024004;M2T
Chaabi Cash M2t - Casablanca - Mabrouka;000518;M2T
Chaabi Cash M2t - Casablanca - Nassim;000523;M2T
Chaabi Cash M2t - Casablanca - Sidi Moumen;000551;M2T
Chaabi Cash M2t - Casablanca - Tit Mellil;000553;M2T
Chaabi Cash M2t - Casablanca - Zellaqa;024003;M2T
Chaabi Cash M2t - Casablanca -Beausejour;000511;M2T
Chaabi Cash M2t - El Jadida - Saada I;000531;M2T
Chaabi Cash M2t - Errachidia - Bd Dakhla;000525;M2T
Chaabi Cash M2t - Essaouira;000565;M2T
Chaabi Cash M2t - Fes - Narjiss;000521;M2T
Chaabi Cash M2t - Ifrane - Hay Salam;000522;M2T
Chaabi Cash M2t - Khemisset - Hay Nasr;000503;M2T
Chaabi Cash M2t - Khenifra - Centre Ville;000549;M2T
Chaabi Cash M2t - Khouribga - Wahidi;000547;M2T
Chaabi Cash M2t - Les Oliviers - Safi;024029;M2T
Chaabi Cash M2t - Marrakech - Sidi Youssef Ben Ali;000527;M2T
Chaabi Cash M2t - Mhamid - Marrakech;024028;M2T
Chaabi Cash M2t - Qbibat - Rabat;024027;M2T
Chaabi Cash M2t - Rabat - Takaddoum;000513;M2T
Chaabi Cash M2t - Riad Salam - Agadir;024030;M2T
Chaabi Cash M2t - Safi - Ville Nouvelle;000524;M2T
Chaabi Cash M2t - Sale - KOM;000502;M2T
Chaabi Cash M2t - Sale - Tabriquet;000501;M2T
Chaabi Cash M2t - Tanger - El Haddad;000504;M2T
Chaabi Cash M2t - Tanger - Quartier Souani;000509;M2T
Chaabi Cash M2t - Temara - Hay Al Maghri;000526;M2T
Chaabi Cash M2t - Temara - Lot Comatrav;000514;M2T
Chaabi Cash M2t - Tetouan - Touabel Soufla;000505;M2T
Chaabi Cash M2t -Colbert-casablanca;024033;M2T
Chaabi Cash M2t -FAR-Agadir;024034;M2T
Chaabi Cash M2t -ain chok-casablanca;024032;M2T
Chaabi Cash M2t Chefchaouen;024037;M2T
Chaabi Cash M2t Hassan II Beni Mellal;024036;M2T
Chaabi Cash M2t Mobile - 2;000590;M2T
Chaabi Cash M2t Mobile - 3;000591;M2T
Chaabi Cash M2t Mobile - 5;000594;M2T
Chaabi Cash M2t Mobile - 6;000599;M2T
Chaabi Cash M2t Mobile - 7;014600;M2T
Chaabi Cash M2t Mobile - 9;014602;M2T
Chaabi Cash M2t Sidi Kacem;024038;M2T
Chaabi Cash M2t Test-2;007001;M2T
Chaabi Cash M2t- Agadir;024016;M2T
Chaabi Cash M2t- Al Azhar Casablanca;024023;M2T
Chaabi Cash M2t- Casablanca - El Oulfa;000516;M2T
Chaabi Cash M2t- Dakhla;000569;M2T
Chaabi Cash M2t- El Jadida;000570;M2T
Chaabi Cash M2t- El Kelaa Des Sraghna;024013;M2T
Chaabi Cash M2t- Fath El Kheir;024008;M2T
Chaabi Cash M2t- Jura;024009;M2T
Chaabi Cash M2t- Kouass CYM;024014;M2T
Chaabi Cash M2t- Laayayda;024015;M2T
Chaabi Cash M2t- Laayoune;000568;M2T
Chaabi Cash M2t- Place 11 Janvier - Fes;024024;M2T
Chaabi Cash M2t- Riad El Oulfa - Casablanca;024025;M2T
Chaabi Cash M2t- Smara;000566;M2T
Chaabi Cash M2t- Taznakhte;024017;M2T
Chaabi Cash M2t- Tiznit;024019;M2T
Chaabi Cash M2t- Zoubir Casablanca;024022;M2T
Chaabi Cash MNF Service;001603;M2T
Chaabi Cash Mabchour You ;002803;M2T
Chaabi Cash Mahi Car;002798;M2T
Chaabi Cash Maison de Quatre Saisons;006230;M2T
Chaabi Cash Manscom;001282;M2T
Chaabi Cash Marikaz Sola;001674;M2T
Chaabi Cash Maroc Prompt Service;003297;M2T
Chaabi Cash Marocash;001243;M2T
Chaabi Cash Maryla ;010524;M2T
Chaabi Cash Massamedna ;010545;M2T
Chaabi Cash Maxagri;003718;M2T
Chaabi Cash Mb Dexcellence;001658;M2T
Chaabi Cash Messab Services;006288;M2T
Chaabi Cash Milidate Service;010269;M2T
Chaabi Cash Missou Car;006116;M2T
Chaabi Cash Mlak;000085;M2T
Chaabi Cash Moakit Negoce;009505;M2T
Chaabi Cash Mony Sari;004214;M2T
Chaabi Cash Morocco Journey;010176;M2T
Chaabi Cash Mors Service;009234;M2T
Chaabi Cash Mostrami Negoce;001640;M2T
Chaabi Cash Moutaoukil Cash ;010549;M2T
Chaabi Cash Muamalat Express;001364;M2T
Chaabi Cash Multi Service Ibnyaich;003241;M2T
Chaabi Cash Mustasou Negoces;006992;M2T
Chaabi Cash My Riza Cash;001404;M2T
Chaabi Cash NASSIRIA MULTI SERVICES;003799;M2T
Chaabi Cash Nacer Cash;000961;M2T
Chaabi Cash Nait Ahmed services;002726;M2T
Chaabi Cash Najla de Commerce et Services;006167;M2T
Chaabi Cash Najm Anoual;006915;M2T
Chaabi Cash Namaoui Invest;004131;M2T
Chaabi Cash Naoumia Communication;005555;M2T
Chaabi Cash Naska Net SARLAU;000003;M2T
Chaabi Cash Nego Tech.;006506;M2T
Chaabi Cash Nisrine Tyssir;006896;M2T
Chaabi Cash Noaz;001253;M2T
Chaabi Cash Nojoume;003652;M2T
Chaabi Cash Notre Service;005075;M2T
Chaabi Cash Nour Technique Bureautique;010112;M2T
Chaabi Cash Nour Teima;006581;M2T
Chaabi Cash Num Tech;001339;M2T
Chaabi Cash ON Services;000969;M2T
Chaabi Cash Oba Eleco;000929;M2T
Chaabi Cash Ogman Services;009144;M2T
Chaabi Cash Omonia;000731;M2T
Chaabi Cash Ouchen Cap;006578;M2T
Chaabi Cash Oumalid;009129;M2T
Chaabi Cash Ouroud Plus;009406;M2T
Chaabi Cash Ousayma Feres;006799;M2T
Chaabi Cash Oussa Serv;009415;M2T
Chaabi Cash Oussama El Jihadia Service;008070;M2T
Chaabi Cash Ouzhour Tech;006286;M2T
Chaabi Cash Parapharmacie Lakhssass;006186;M2T
Chaabi Cash Paysafe;005096;M2T
Chaabi Cash Phone;000133;M2T
Chaabi Cash Promabi;006002;M2T
Chaabi Cash Proritaje;006182;M2T
Chaabi Cash Qorelain;004855;M2T
Chaabi Cash QuickTans;002180;M2T
Chaabi Cash R W Tranding Service;006147;M2T
Chaabi Cash R&M Univers ;008093;M2T
Chaabi Cash R-M Khadamate;006948;M2T
Chaabi Cash RWJS;002727;M2T
Chaabi Cash Rabia Service;003873;M2T
Chaabi Cash Racelgo;006340;M2T
Chaabi Cash Rachad Cash;006387;M2T
Chaabi Cash Ramoula;005104;M2T
Chaabi Cash Rapido Service;002104;M2T
Chaabi Cash Rayan Cash;003479;M2T
Chaabi Cash Remale Service;003737;M2T
Chaabi Cash Retamar;005659;M2T
Chaabi Cash Riad Money;002756;M2T
Chaabi Cash Rifi Fedala Services;000015;M2T
Chaabi Cash Rimal Tighzart;006444;M2T
Chaabi Cash Romana Services;002345;M2T
Chaabi Cash SA2TM;006787;M2T
Chaabi Cash SKY COS;009491;M2T
Chaabi Cash Saheletab;006365;M2T
Chaabi Cash Sakhi Cash;000949;M2T
Chaabi Cash Saliser;010241;M2T
Chaabi Cash Sama Negoce;003781;M2T
Chaabi Cash Sara Botola;009503;M2T
Chaabi Cash Sefema;006212;M2T
Chaabi Cash Selmatra;003676;M2T
Chaabi Cash Service Ennil;000112;M2T
Chaabi Cash Service ONT;006877;M2T
Chaabi Cash Service Zine Maroc;009232;M2T
Chaabi Cash Services 2 Plus;003715;M2T
Chaabi Cash Services Anas Hab;005608;M2T
Chaabi Cash Services et Travaux Oumami;003734;M2T
Chaabi Cash Sifocash ;010507;M2T
Chaabi Cash Sinacom;000183;M2T
Chaabi Cash Skouri Multi Services;001620;M2T
Chaabi Cash So Easy Cash;002352;M2T
Chaabi Cash Sodrilak;006250;M2T
Chaabi Cash Somaintrad;003027;M2T
Chaabi Cash Souifreres Sarl;003460;M2T
Chaabi Cash Sozar;006338;M2T
Chaabi Cash Staih Negoce et Service;010441;M2T
Chaabi Cash Star Services Auto;000909;M2T
Chaabi Cash Super Print;009371;M2T
Chaabi Cash Swift Partenaire;009508;M2T
Chaabi Cash TM Travaux;003599;M2T
Chaabi Cash Taboulmant;010370;M2T
Chaabi Cash Tafraoute Cash;010197;M2T
Chaabi Cash Tahwil City;002222;M2T
Chaabi Cash Tashilat Agarram;006845;M2T
Chaabi Cash Tashilat Al Ouarda;002039;M2T
Chaabi Cash Tashilat Guenfoudi;005084;M2T
Chaabi Cash Tashilat Oumansour;003165;M2T
Chaabi Cash Tashilat Reglements Labiad;006364;M2T
Chaabi Cash Tasshilat Achamal;002328;M2T
Chaabi Cash Tasshilat Alhanaa;004830;M2T
Chaabi Cash Thizizouit;006226;M2T
Chaabi Cash Tiboder;005547;M2T
Chaabi Cash Tichka Cash;006010;M2T
Chaabi Cash Tma Sud Coimport;003701;M2T
Chaabi Cash Tobaecho;005010;M2T
Chaabi Cash Top Express Service;000966;M2T
Chaabi Cash Top ML Sahara Expo;006274;M2T
Chaabi Cash Toudgha Finance;003671;M2T
Chaabi Cash Transation Sofia;004167;M2T
Chaabi Cash Transfert Charaf;003890;M2T
Chaabi Cash Transfert Oran;001676;M2T
Chaabi Cash Traser Elaioune;006075;M2T
Chaabi Cash Triple Services;009083;M2T
Chaabi Cash Troisa;010396;M2T
Chaabi Cash Two Bruder;006330;M2T
Chaabi Cash Wafa Freres;010060;M2T
Chaabi Cash Web Corner;004530;M2T
Chaabi Cash Wiame Services;003570;M2T
Chaabi Cash Wifi Maroc;008117;M2T
Chaabi Cash Wifi Maroc;008062;M2T
Chaabi Cash Winnagh Invest;004205;M2T
Chaabi Cash Work Safety;006888;M2T
Chaabi Cash Yakhlifi Cash;010193;M2T
Chaabi Cash Yarm Service;001667;M2T
Chaabi Cash Yasmine Transfert;001368;M2T
Chaabi Cash Yasomar;002091;M2T
Chaabi Cash Yourcom;009029;M2T
Chaabi Cash Youryane;008096;M2T
Chaabi Cash Youssef BM;006783;M2T
Chaabi Cash ZGR;006789;M2T
Chaabi Cash ZMJ Technologie;006525;M2T
Chaabi Cash Zarkaux;003218;M2T
Chaabi Cash Zine;000111;M2T
Chaabi Cash Zinoun TD;003102;M2T
Chaabi Cash Zivio Company;006997;M2T
Chaabi Cash Zougaghi Cash;010043;M2T
Chaabi Cash Zyad Transfert ;001396;M2T
Chaabi Cash so easy cash;002350;M2T
Chaabi Cash soci√©t√© de Distribution de Carburants Samir;010431;M2T
Chaabi Cash soliste Innov;004861;M2T
Chaabi cash M8;001675;M2T
Challalate labrahma;701710;CASH PLUS
Charf Tanger;701603;CASH PLUS
Cherifia Marrakech;700537;CASH PLUS
Chichan hay massira;701067;CASH PLUS
DAKHAL HAY ESSALAM;701848;CASH PLUS
DAKHLA HAY AL WAHDA;701678;CASH PLUS
DALAS;701112;CASH PLUS
DAOUDIATE DIOUR MASSAKIN;700139;CASH PLUS
DAR CHAFAII;701034;CASH PLUS
DAR ESSALAM;700341;CASH PLUS
DAR ESSALAMA;700310;CASH PLUS
DEBDOU;701256;CASH PLUS
DECHRA;700918;CASH PLUS
DEMNATE FR2;701470;CASH PLUS
DERB GNAWA;700813;CASH PLUS
DEROUA MAKHLOUF;700019;CASH PLUS
DEROUA OUM RABII;701210;CASH PLUS
DEROUALWAFA;701179;CASH PLUS
DG TANGER AV HASSAN2;097833;BARID CASH
DIAR AL ANDALOUS;701410;CASH PLUS
DIAR AL HANA;700658;CASH PLUS
DIMACHQ;701362;CASH PLUS
DIWANA BAB MELAH;702290;CASH PLUS
DIYAR SOLTANA;700198;CASH PLUS
DIYAR TANJA;701308;CASH PLUS
DJIHADIAFR;701170;CASH PLUS
DOHA AL BARRAKA;700887;CASH PLUS
DOUAR ASKAR  2;701517;CASH PLUS
DOUAR BOUAAZA Route Ourika;702099;CASH PLUS
DOUAR DLAM SIDI YOUSSEF;701808;CASH PLUS
DOUAR IZIKI;701652;CASH PLUS
DOUAR JDID;701310;CASH PLUS
DOUAR OULED MASSOUD;700486;CASH PLUS
DR IGLI;701417;CASH PLUS
DR OLD JABER SIDI MOUSSA;701401;CASH PLUS
DR TIMEZGANA;701697;CASH PLUS
DRAFIF;702288;CASH PLUS
DRARGUA LGOUIRA;700268;CASH PLUS
DRIOUECH PAM;701232;CASH PLUS
DRISSELHARTI2;700382;CASH PLUS
Dcheira Hay Takarkourt;702093;CASH PLUS
Dr Belaaguid ouahat sidi brahim;700287;CASH PLUS
Dr Ouled Alhand bni AAMER;701124;CASH PLUS
Dr Ouled Mssabel;701834;CASH PLUS
Drissia Tanger;701039;CASH PLUS
EC  BIOUGRA;098873;BARID CASH
EC EL JADIDA BD EL ALAOUIYINE;098870;BARID CASH
EC HAD HARARA;098869;BARID CASH
ECˇ AGADIR LKHYAM;098872;BARID CASH
EL BAHRAOUINE;701041;CASH PLUS
EL BORJ;701114;CASH PLUS
EL BOROUJ;702022;CASH PLUS
EL BOUSTANE;701074;CASH PLUS
EL FATH  1;702113;CASH PLUS
EL HAJEB TIKIOUINE;701607;CASH PLUS
EL HOCEIMA BD MED V;700609;CASH PLUS
EL HOUCEIMA Beni Bouayache;701254;CASH PLUS
EL MAGHRIB EL ARABI KHOURIBGA;701880;CASH PLUS
EL MANDAR EL JAMIL BERRECHID;701512;CASH PLUS
EL MONTAZAH ELJADID;701828;CASH PLUS
EL OUARDA BENDIBAN;701325;CASH PLUS
EL OULFA 2 ;701288;CASH PLUS
ELBROUJ;701358;CASH PLUS
ELFADILA;701851;CASH PLUS
ELFATH FES;701692;CASH PLUS
ELFOUARAT TEMARA;702114;CASH PLUS
ELMOTANABI;702124;CASH PLUS
ELYOUSSOUFIA2;700088;CASH PLUS
EMR ROMMANI;097639;BARID CASH
EMR TAHANNAOUT;097638;BARID CASH
ENNACER SIDISLIMANE;700975;CASH PLUS
ESPACE VERT;701960;CASH PLUS
ESSAADA;700369;CASH PLUS
ESSAADA SIDI BENNOUR;701754;CASH PLUS
ESSALAM OULFA;700326;CASH PLUS
ESSAOUIRA;700989;CASH PLUS
ESSAOUIRALLALFASSI;700454;CASH PLUS
ESSAYAD;701206;CASH PLUS
EUROSOL  AIT MELLOUL CR;700420;CASH PLUS
EUROSOL  DRARGUA;701381;CASH PLUS
EUROSOL BOUMALEN DADES;700381;CASH PLUS
EUROSOL KENITRA;701369;CASH PLUS
EUROSOL KHOURIBGA RUE TAMESNA;700441;CASH PLUS
EUROSOL OUARZAZAT CR;701375;CASH PLUS
El Mers;700884;CASH PLUS
El Mostakbal Essaouira;701075;CASH PLUS
El OUATIA PLAGE;701567;CASH PLUS
El fath;700737;CASH PLUS
Elmostakbale;702263;CASH PLUS
Ennacr aayayda;701845;CASH PLUS
Erfoud;700449;CASH PLUS
Eurosol Rabat Al Abtal;701379;CASH PLUS
FAHMI BELKSIRI;701203;CASH PLUS
FARAH ESSALAM;701502;CASH PLUS
FATH 2;701743;CASH PLUS
FBS  RAYNAYA  BD HASSAN II;702069;CASH PLUS
FBS Kouacem Jdad (II COG);700346;CASH PLUS
FBSSIDIAHMEDDAOUI;701176;CASH PLUS
FDC CASA FARAH SALAM;098968;BARID CASH
FES ACIMA I;700634;CASH PLUS
FESBENDEBAB;700450;CASH PLUS
FESELMASSIRA;700338;CASH PLUS
FESLIDOU;701389;CASH PLUS
FKASSI FKAK AIN SBAA;700740;CASH PLUS
FKBALIDARI;700038;CASH PLUS
FKIH BEN SALEH ENNAHDA  CASH 1313;700538;CASH PLUS
FLORIDA ELHADADA;702222;CASH PLUS
FNIDEQMED5;701366;CASH PLUS
FNR SIDI MOUSSA BEN ALI;097913;BARID CASH
FRAITA;701771;CASH PLUS
FRC ANZI;098436;BARID CASH
FRC IGHREM;098435;BARID CASH
FROUGUI;701455;CASH PLUS
Fes Rcif;701422;CASH PLUS
Fes sidi Boujida;700144;CASH PLUS
Foum oudi;700005;CASH PLUS
GC BERKANE MED V;098528;BARID CASH
GC KENITRA TAIBI;098511;BARID CASH
GC OUJDA LAZARI;098520;BARID CASH
GC OUJDA MLY DRISS;098529;BARID CASH
GC OUJDA RTE TAZA;098521;BARID CASH
GC SIDI HAJAJ;098537;BARID CASH
GHAFSAI;701437;CASH PLUS
GHANDI ;700935;CASH PLUS
GOLD WIN OUJDA;700630;CASH PLUS
GOLF MEHDIA;700712;CASH PLUS
GUELDAMANE;701741;CASH PLUS
GUELMIM HASSAN 2;701474;CASH PLUS
GUELMIMELMOUKAOUMA ;701208;CASH PLUS
GUENFOUDA;702392;CASH PLUS
GULEMIM AV MOULAY ABDELLAH;701462;CASH PLUS
GZENAYA SIDI KACEM;701242;CASH PLUS
Gueliz Rue Yougoslavie;700474;CASH PLUS
GulÈmim Place des taxis Lkssabi;700771;CASH PLUS
Gzenaya Tanger;701731;CASH PLUS
HAD BOU MOUSSA;701264;CASH PLUS
HAD BRACHOUA;700558;CASH PLUS
HAD BRADIA II;700447;CASH PLUS
HAD KOURT;700867;CASH PLUS
HAD TEROUAL;702278;CASH PLUS
HAJ FATEH OULFA;701466;CASH PLUS
HAOUMATCHOUK PRINCIPAL;701609;CASH PLUS
HARA;700282;CASH PLUS
HARHOURA CENTRE;701105;CASH PLUS
HARTI;700371;CASH PLUS
HASSAN 1er;700378;CASH PLUS
HAY AL AMAL;700814;CASH PLUS
HAY AL MATAR;701054;CASH PLUS
HAY AOUATIF FR2;701687;CASH PLUS
HAY BLALIAA;700213;CASH PLUS
HAY CHARAF;701586;CASH PLUS
HAY EL AMAL SALE ;701581;CASH PLUS
HAY EL WAFAE;701809;CASH PLUS
HAY ELWAHDA NAHDA;701055;CASH PLUS
HAY ENNACER ELIMARAT;702168;CASH PLUS
HAY ENNASR;701536;CASH PLUS
HAY HAJ ADIL;702040;CASH PLUS
HAY HAKKO;701713;CASH PLUS
HAY HASSANI TANGER;701440;CASH PLUS
HAY IZIKI;700217;CASH PLUS
HAY JDID;701884;CASH PLUS
HAY KARIM AMRANI;701704;CASH PLUS
HAY MOHAMADI OURZAZATE;702224;CASH PLUS
HAY MOHAMMADI OUARZAZATE;702223;CASH PLUS
HAY NAHDA;700875;CASH PLUS
HAY NAHDA  MOHAMMEDIA;700086;CASH PLUS
HAY NASR;701783;CASH PLUS
HAY OLD HMID;701095;CASH PLUS
HAY RIAD;701546;CASH PLUS
HAY RIAD AL ABIAD;702167;CASH PLUS
HAY RMEL INZGANE;701843;CASH PLUS
HAY SALAM;700978;CASH PLUS
HAY SOUSSI;701495;CASH PLUS
HAY TIGIRIYA;701790;CASH PLUS
HAY ZAHRA KHEMISSAT;701876;CASH PLUS
HAYTARIK;700347;CASH PLUS
HBICHAT;702287;CASH PLUS
HNIA HAMRIA;700207;CASH PLUS
HOPITAL EL HASSANI NADOR;700955;CASH PLUS
HOURIA ;700125;CASH PLUS
HSSIYA ANIF;701740;CASH PLUS
Had Ouled issa;700024;CASH PLUS
Harhora;701027;CASH PLUS
Harit;702126;CASH PLUS
Hassan jour et nuit;701693;CASH PLUS
Hay AL MASJID;701629;CASH PLUS
Hay Al Amal nougd;701860;CASH PLUS
Hay Amzerou zagoura;701658;CASH PLUS
Hay El Farah Al masjid;700318;CASH PLUS
Hay Raha;701759;CASH PLUS
Hay ait Kdif;702202;CASH PLUS
Hay al azhar;700686;CASH PLUS
Hay essalam tranche 04;700932;CASH PLUS
Hay ezzahra;701534;CASH PLUS
Hay salam 20 aout;701737;CASH PLUS
Hdou Nhlima;700840;CASH PLUS
IBF AFOURER ;098655;BARID CASH
IBF BOUJNIBA;098654;BARID CASH
IBF HAD BRADIA;098651;BARID CASH
IBF OULED YAICH;098653;BARID CASH
IBF OULED ZIDOUH;098652;BARID CASH
IBF ZAOUIAT CHEIKH;098650;BARID CASH
IBNOUALHAITAM;700387;CASH PLUS
IBNOUBATOUTA;701347;CASH PLUS
IBNOUSINA;700360;CASH PLUS
IBTISSAM1;701224;CASH PLUS
ID AIN CHEGGAG;098359;BARID CASH
ID ALNIF;098319;BARID CASH
ID AOUFOUS;098356;BARID CASH
ID ARFOUD;098321;BARID CASH
ID BENI MELLAL;098324;BARID CASH
ID BIOUGRA ;098312;BARID CASH
ID BIR TAMTAMˇ;098326;BARID CASH
ID BOUARFA BENI TADJIT ;098333;BARID CASH
ID Bab Bered ;098331;BARID CASH
ID CASA AZHAR ;098317;BARID CASH
ID CASA SIDI OTHMANE;098304;BARID CASH
ID GOURRAMA;098336;BARID CASH
ID KSAR EL KEBIR;098366;BARID CASH
ID KSIBA;098337;BARID CASH
ID KSSAR BHAR;098340;BARID CASH
ID LARACHE ;098351;BARID CASH
ID LARACHE CDG ;098362;BARID CASH
ID LQLIAA ;098328;BARID CASH
ID Merzouga;098353;BARID CASH
ID OULAD SAAID KASBAT TADLA;098349;BARID CASH
ID OULAD YOUSSEF KASBAT TADLA;098347;BARID CASH
ID RICHE;098315;BARID CASH
ID RISSANI;098327;BARID CASH
ID SEFROU ;098309;BARID CASH
ID SIDI AISSA;098358;BARID CASH
ID TALNIST;098343;BARID CASH
ID TANGER BIR CHAIRI;098363;BARID CASH
ID TANGER M'GHOUGHA;098357;BARID CASH
ID TANGER OUAMA;098360;BARID CASH
ID TAZARINE;098335;BARID CASH
ID TENDIT  ;098355;BARID CASH
ID TIMAHDITE;098344;BARID CASH
ID TISSA ;098323;BARID CASH
ID ZAIDA;098318;BARID CASH
IFRAN MONEY TRANSFERT;700876;CASH PLUS
IFRANE ATLAS SAGHIR;701486;CASH PLUS
IGHOUD;702349;CASH PLUS
IMILCHIL;700632;CASH PLUS
IMINTANOUT II;700947;CASH PLUS
IMLIL;700815;CASH PLUS
IMLIL ELKELAA SRAGHNA;701303;CASH PLUS
INZEGAN HAY EL MOUADAFIN;700448;CASH PLUS
IRAQUI RES BADR;701955;CASH PLUS
IRFAN 1;701600;CASH PLUS
ISMAILI TRANSFERT;701948;CASH PLUS
Imintanoute fr2;701091;CASH PLUS
JAMAA LAFNA ARGANA;700570;CASH PLUS
JAOUHARA OUJDA;701467;CASH PLUS
JARDA SIDI YAHYA;701439;CASH PLUS
JAYCH EL MALAKI 2;700170;CASH PLUS
JDOUR;702393;CASH PLUS
JENANE BOUHSINA;701830;CASH PLUS
JENANE MEDIOUNA;701448;CASH PLUS
JERRADA;701339;CASH PLUS
JIRARI;701570;CASH PLUS
JMM KHOURIBGA ZALAKA;098411;BARID CASH
JNANE ZEMMOUR 1;700479;CASH PLUS
JORFMELHA;702063;CASH PLUS
JRIFAT EL AQABA;701920;CASH PLUS
KARAKCHOU;700842;CASH PLUS
KARIA HOPITAL MLY ABDELLAH;701056;CASH PLUS
KASBAT TADLA II BD 20 AO€T;700128;CASH PLUS
KELAA DES SRAGHNA;702071;CASH PLUS
KENELFOUARAT;700427;CASH PLUS
KENITRA MED 5;701995;CASH PLUS
KHABBAZAT;700344;CASH PLUS
KHECINEMAENNOUR;700495;CASH PLUS
KHEMISS HAMRIA;700603;CASH PLUS
KHEMISSET HAY SALAM;702068;CASH PLUS
KHEMISSZEMAMRA;700044;CASH PLUS
KHENIFRAMEDV;700995;CASH PLUS
KHERBA TANGER;701849;CASH PLUS
KHMISS BENI BOUFRAH;702394;CASH PLUS
KHMISS DADES;700742;CASH PLUS
KHOURIBGA Hay El Jadid;701098;CASH PLUS
KOLLA;701822;CASH PLUS
KOUASS YACOUB ELMANSOUR;702092;CASH PLUS
KOULOUJ HAY EL HASSANI;701582;CASH PLUS
KRONA CENTRE;701309;CASH PLUS
KSAR TOUROUG CENTRE;701659;CASH PLUS
KSARLABHAR II;701910;CASH PLUS
Kasbat Amine 2;701077;CASH PLUS
Kenitra El Wafa;701717;CASH PLUS
Khenifra 5 Hay Hassan II;701275;CASH PLUS
Khenifra Lekbab (Zemzem Money);702064;CASH PLUS
Khouribga Hay El Wifaq;700161;CASH PLUS
KhÈmisset Bd Med V;702145;CASH PLUS
Kissariat alakhawayn;702140;CASH PLUS
L'AVENIR;701530;CASH PLUS
LA FOIRE;702196;CASH PLUS
LA GIRONDE;701653;CASH PLUS
LAANASER;701594;CASH PLUS
LAAOUAMRA;700561;CASH PLUS
LAARARCHA;700529;CASH PLUS
LAAWAMRA;702226;CASH PLUS
LAAYAYDA;700192;CASH PLUS
LAAYOUN  EL ATTABI 3;702049;CASH PLUS
LAAYOUNE  MEKKA;701755;CASH PLUS
LAAYOUNE BOUKRAA;700423;CASH PLUS
LAAYOUNE EL HIZAM;700258;CASH PLUS
LAAYOUNE HAY EL WIFAQ;701453;CASH PLUS
LAAYOUNE II Bv Boukraa;702047;CASH PLUS
LAAYOUNE SOUK LMEKHAKH;700764;CASH PLUS
LAAYOUNE ZAOUIT CHEIKH;700946;CASH PLUS
LABRAHMA;701666;CASH PLUS
LAGFAF;702380;CASH PLUS
LAMARINE;701338;CASH PLUS
LAMHAMID;700403;CASH PLUS
LAMRIJA;700559;CASH PLUS
LAMSSALA LAKDIMA;701123;CASH PLUS
LAMYAA;700307;CASH PLUS
LARACHE HARAK TRANSFERT;701292;CASH PLUS
LARACHE Rue Omar Ibn Abdelaziz;700141;CASH PLUS
LI TALMEST;098468;BARID CASH
LINBIAT IBNOHAITAM ;700903;CASH PLUS
LISASFA TRAM;701519;CASH PLUS
LKWACEM;701110;CASH PLUS
LMR CASA HAY MOHAMMEDI;097780;BARID CASH
LOGANOS;701280;CASH PLUS
LOT BELMILODY;701542;CASH PLUS
LOT ELYAQOUT;700194;CASH PLUS
LOTISSEMENT HIBA;700682;CASH PLUS
La ferraille massira 2;700878;CASH PLUS
La gare;701963;CASH PLUS
La marche verte ;700465;CASH PLUS
Laayoune Avenue moulay ismail;700885;CASH PLUS
Laayoune El bir jdid;701813;CASH PLUS
Laferay Salmia 2;702275;CASH PLUS
Lahraouine Douar Biaz;700262;CASH PLUS
Lahwami;700673;CASH PLUS
Lissafa 2 El Marchi;701415;CASH PLUS
Lotissement Chaimae;700599;CASH PLUS
Lotissement bluesky;701694;CASH PLUS
Lotissement massira;702261;CASH PLUS
M'ssala Fes;702244;CASH PLUS
MAAMORA HAY HIND;701487;CASH PLUS
MAARKA ZEITOUNE;700118;CASH PLUS
MAATALLAH;701631;CASH PLUS
MAAZIZ;702035;CASH PLUS
MAJAT;701421;CASH PLUS
MAJD;701031;CASH PLUS
MANDAR EL JAMIL;700847;CASH PLUS
MANSOUR ZERKA;700864;CASH PLUS
MAR ALLAL AL FASSI ;700442;CASH PLUS
MARELFNA;700353;CASH PLUS
MARIZDIHARFR;701933;CASH PLUS
MARIZIKIFR;700060;CASH PLUS
MARJANE ELJADIDA;701393;CASH PLUS
MARLAMHAMID;701156;CASH PLUS
MARLAMHAMIDFR2;700071;CASH PLUS
MARMERCHICH;700438;CASH PLUS
MARPALMERAIE;700475;CASH PLUS
MARRAKECH ASKAR;700755;CASH PLUS
MARRAKECH AVENUE EL MHAMID;702158;CASH PLUS
MARRAKECH DOUAR SIDI MOUSSA;702190;CASH PLUS
MARRAKECH El Manar Guiliz;701270;CASH PLUS
MARRAKECH LGOUASSEM;702177;CASH PLUS
MARTIL;700745;CASH PLUS
MARTIL MLY RACHID;700458;CASH PLUS
MARTILAHERIK;701296;CASH PLUS
MARTILBALADIA;700714;CASH PLUS
MASJID AL FATH ARRED;701685;CASH PLUS
MASJID BADR;700976;CASH PLUS
MASMOUDA;700970;CASH PLUS
MASSIRA 1 ZRECTOUNI;700336;CASH PLUS
MASSIRA BOUMIA;701958;CASH PLUS
MASSIRA II;700103;CASH PLUS
MASSIRA OUARZAZATE ;701300;CASH PLUS
MASSIRA3;700404;CASH PLUS
MASSIRA3 FR;700239;CASH PLUS
MASTER CASH MARRAKECH BAB RHMATE;097977;BARID CASH
MASTER CASHˇMARRAKECH HASSAN 2;097976;BARID CASH
MCS AL GHAZOUA;098541;BARID CASH
MCS BERRECHID ROUDANI;098552;BARID CASH
MCS CHOUAIB DOUKALI;098542;BARID CASH
MCS HAD DRAA ;098544;BARID CASH
MCS MAAZIZ;098546;BARID CASH
MCS OUED ZEM WAHDA;098550;BARID CASH
MCS RIBAT EL KHEIR;098548;BARID CASH
MCS TLATE LOULAD;098540;BARID CASH
MECHRAA BELKSIRI CENTRE;700117;CASH PLUS
MECHRAABELKSSIRI;700385;CASH PLUS
MEDINA 2 DEROUA;701511;CASH PLUS
MEDIOUNACENTREFR;701201;CASH PLUS
MEHANECH EL HAJEB;701465;CASH PLUS
MEHDI BEN TOUMERT GUELMIM;701923;CASH PLUS
MEHDIA MALL KENITRA;701137;CASH PLUS
MEK ALLALELFASSI ;701335;CASH PLUS
MEKALMARJANE;700082;CASH PLUS
MEKNES BASSATINE;700865;CASH PLUS
MEKNES DORA SERVICES;700164;CASH PLUS
MEKROUAMZIN;701367;CASH PLUS
MEKSIDIBOUZEKRI;700067;CASH PLUS
MEKSIDIBOUZEKRI2;701015;CASH PLUS
MEKTOUARGA;701154;CASH PLUS
MEKZEITOUNE2;701000;CASH PLUS
MENARA  NASSIM;701250;CASH PLUS
MERJA D' ALLAL;701006;CASH PLUS
MILANO TEMARA;701660;CASH PLUS
MIMOSA MAHKAMA;701727;CASH PLUS
MIZAN ELHARARA SIDI JABER;700643;CASH PLUS
MNK AIT ATTAB;098584;BARID CASH
MNK OULFA;098581;BARID CASH
MNK RAHMA HAY EL FATH;098582;BARID CASH
MOHAMED V FR 2;702194;CASH PLUS
MONTFLEURI 2;702034;CASH PLUS
MOSQUE AL AADL AZROU;701494;CASH PLUS
MOSQUEE SOUSSI;700900;CASH PLUS
MOUAHIDINE;701468;CASH PLUS
MOUDIBOUKEITA;700393;CASH PLUS
MOUJAMAA ELKHEIR;700854;CASH PLUS
MOUKAOUAMA 2;700990;CASH PLUS
MOULAY IDRISS FES;700845;CASH PLUS
MOULAY YOUSSEF ;701213;CASH PLUS
MOULAYYOUSSEF;701337;CASH PLUS
MOUNASTIR;700126;CASH PLUS
MPS AL OUATIA;097883;BARID CASH
MPS NKOUB ;097880;BARID CASH
MPS OUARZAZATE TASSOUMAATE;097881;BARID CASH
MRC AIN ZORAH ;097527;BARID CASH
MRC BNI HADIFA;097528;BARID CASH
MRC MONTE ARRUI ;097529;BARID CASH
MRC OUJDA QUARTIER INDUSTRIELLE;097530;BARID CASH
MRC SIDI BOUHRIA;097532;BARID CASH
MSSICI CENTRE;700746;CASH PLUS
MTR MERJA ;097917;BARID CASH
MUILHA;700820;CASH PLUS
Macdo;701002;CASH PLUS
Marrakech El AFAK;702285;CASH PLUS
Masjid Hay el fath;702128;CASH PLUS
Masjid muilha;701012;CASH PLUS
Massira 2 Lgharb;701118;CASH PLUS
Melah sale;701857;CASH PLUS
Midar;701891;CASH PLUS
Mly smail SALE;701073;CASH PLUS
MosquÈe Anassi;701139;CASH PLUS
MosquÈe Quraafi si lakhdar;700252;CASH PLUS
Moulay abdellah;700652;CASH PLUS
NADOR BD IBN SINA;700588;CASH PLUS
NADOR HASSAN II;701228;CASH PLUS
NADOR JAADAR;700703;CASH PLUS
NADOR MARJANE;701623;CASH PLUS
NAHDA;700735;CASH PLUS
NAHDA KHOURIBGA;700308;CASH PLUS
NAJAH FES;701784;CASH PLUS
NAJD OUJDA;701626;CASH PLUS
NOUARA HATTAN;701878;CASH PLUS
NOUVELLE VILLE IBN BATTOUTA;701662;CASH PLUS
Najd el hamra;700639;CASH PLUS
OASIS ALAMANE;701916;CASH PLUS
OCEAN;701461;CASH PLUS
OCEAN BOUKHAREST;701088;CASH PLUS
OKBA IBNO NAFIA AL HOCIEMA;701522;CASH PLUS
OLD ABDELLAH;701816;CASH PLUS
OMAR EL KHAYAM BEAUSEJOUR;701399;CASH PLUS
OUAHCHIATE TLATA KETAMA;702395;CASH PLUS
OUALIDIA;701514;CASH PLUS
OUANNANA;700660;CASH PLUS
OUAOUIZERTH;702009;CASH PLUS
OUARGUI;701763;CASH PLUS
OUARZAZATE GARE ROUTIERE;702257;CASH PLUS
OUARZAZATECTRFR;701163;CASH PLUS
OUED DAHAB;700302;CASH PLUS
OUEDAMLIL;700034;CASH PLUS
OUEDLAOU;701977;CASH PLUS
OUEDNNACHEF;701341;CASH PLUS
OUEDZEM;700402;CASH PLUS
OUIDADIAT ELFATH;700027;CASH PLUS
OUJDA  DHAR LAMHALLA;700720;CASH PLUS
OUJDA AOUNIA COLAIMO;702249;CASH PLUS
OUJEHAROUSS2;700119;CASH PLUS
OUJLAMDINA;702021;CASH PLUS
OUJSILAKHDER;700415;CASH PLUS
OUJVLGTOUBA;701870;CASH PLUS
OUJZIRIBENATIA;700035;CASH PLUS
OULAD AYAD LAHYAYNA;701579;CASH PLUS
OULAD TAYEB 2;700242;CASH PLUS
OULADMBAREK;701080;CASH PLUS
OULED BERHIL 2;700301;CASH PLUS
OULED BOUTAYEB;701798;CASH PLUS
OULED FARES SETTAT;701087;CASH PLUS
OULED GHANEM;700544;CASH PLUS
OULED GHZIEL;702396;CASH PLUS
OULED HASSOUNE;702366;CASH PLUS
OULED MOUSSA;700691;CASH PLUS
OULED OUJIH DOUBLE VOIX;701799;CASH PLUS
OULED TEIMA HASSAN II;700413;CASH PLUS
OULED ZIDE;701086;CASH PLUS
OULEDAYADELQODS;701169;CASH PLUS
OULEDOUJIH;700383;CASH PLUS
OULEDYOUSSEF;700039;CASH PLUS
OULMES LAAYAYDA;700579;CASH PLUS
OUM DHAR BENIMELLAL;701650;CASH PLUS
OUNAGHA;701585;CASH PLUS
OUZIOUIA;700245;CASH PLUS
OX BEN AHMED;097970;BARID CASH
Ouarzazate Ennacim;700862;CASH PLUS
Ouled mtaa 2;700109;CASH PLUS
Ouled saleh;701745;CASH PLUS
P CASH HAY MOHAMMADI ESSADA;097587;BARID CASH
P CASH KSSAR AL MELLAABˇ;097585;BARID CASH
P CASH KSSAR TOUROUGUEˇ;097586;BARID CASH
P CASH OULAD AZZOUZ;097580;BARID CASH
P CASH SOUK SEBT HAY EL FARAH ;097588;BARID CASH
P CASH TGHAT;097582;BARID CASH
P CASHˇ ANASSI 2;097583;BARID CASH
P-CASH TAOUNATE AIN MEDIOUNA;097581;BARID CASH
PAM;700405;CASH PLUS
PAM CASH TEMARA MASSIRA 2;097810;BARID CASH
PAMˇCASH SIDI BENNOUR ;097815;BARID CASH
PANORAMIQUE;700343;CASH PLUS
PARIS;701346;CASH PLUS
PCASH AZLA;097589;BARID CASH
PCASH DEROUA MEDINA;097568;BARID CASH
PCASH FES MONTFLEURI;097621;BARID CASH
PCASH HAY ERRACHAD OULAD TALEB;097595;BARID CASH
PCASH JMIAA DERB SELTAN;097594;BARID CASH
PCASH KHEMISSET FATH;097591;BARID CASH
PCASH LAHRAOUINE AL OMRANE ;097576;BARID CASH
PCASH OULED AYAD ;097577;BARID CASH
PCASH RAHMA ;097579;BARID CASH
PCASH SEBAA AIOUN;097593;BARID CASH
PCASH TAOUNATE ASTAR;097598;BARID CASH
PCASH TAZA OULAD ZBAIR;097574;BARID CASH
PCASH TILOUGUITE AZILAL;097592;BARID CASH
PCSH MOHAMMEDIA PROJET;097564;BARID CASH
PCSH SAIDIA;097565;BARID CASH
PCSH TIFLET NARJIS;097567;BARID CASH
PLAYA MARINA;702229;CASH PLUS
PMS EL MENZEL;097985;BARID CASH
PMS SIDI TAIBI;097987;BARID CASH
POPCASH CASA AIN SEBAA;097951;BARID CASH
POPCASH DOUIRANE;097956;BARID CASH
POPCASH FES ZOHOUR;097952;BARID CASH
POPCASH TOULAL ;097948;BARID CASH
POSTE TABRIQUET;702106;CASH PLUS
PRINCE HERITER GUELMIM;702085;CASH PLUS
PXE SIDI MOUMEN ALIA ;097838;BARID CASH
Panoramique sala jadida;700627;CASH PLUS
Place 9 Avril;701846;CASH PLUS
Place des taxis ait ourir;702036;CASH PLUS
Place municipalite;700645;CASH PLUS
QODS HAMIDIA 2;700548;CASH PLUS
QODS KAMIL;701564;CASH PLUS
RABAT BAB LHAD;701269;CASH PLUS
RABAT BID CASH;700769;CASH PLUS
RABAT TAKADOUM;700640;CASH PLUS
RABMANSOUR;701353;CASH PLUS
RACHAD TIFLET;701548;CASH PLUS
RACHAMED;700751;CASH PLUS
RACHIDIA;701354;CASH PLUS
RAHMA CENTRE;702181;CASH PLUS
RASTBOUDA;702029;CASH PLUS
RAYHAN ELKLAA SRAGHNA;702253;CASH PLUS
REMLA;700477;CASH PLUS
RESIDENCE FAL OUMLIL;701113;CASH PLUS
REYAH MOULAY BOUSELHAM;702204;CASH PLUS
RFAYF;702163;CASH PLUS
RGAIA TANGER;701648;CASH PLUS
RIAD ZITOUNE JDID;701013;CASH PLUS
RIADESSALAM;700075;CASH PLUS
ROIMZINE FR;701444;CASH PLUS
ROND POINT AUTOROUTE;700290;CASH PLUS
RONDE POINT LE9ROCH;701832;CASH PLUS
ROUTE AIT IAAZA TAROUDANT;700244;CASH PLUS
ROUTE RAHRAH;701059;CASH PLUS
ROUTE SEFROU;701299;CASH PLUS
ROUTE SIDI DRISS;701821;CASH PLUS
ROUTE TAOUIMA;700010;CASH PLUS
RTE TANGER SIDI KACEM;700974;CASH PLUS
RUE D'ALGER;702136;CASH PLUS
RUE SEBTTA FNIDEQ;701217;CASH PLUS
RWN CASA BD NIL;097912;BARID CASH
RYAD SAHEL;700478;CASH PLUS
Rabat Av Essalam CYM;700589;CASH PLUS
Riad El Oulfa;702299;CASH PLUS
Riad salam benyakhlef;700608;CASH PLUS
Riyad sale;700284;CASH PLUS
Rmila;701802;CASH PLUS
Roche noir 2;701699;CASH PLUS
Route Marrakech;701972;CASH PLUS
Route Rahrah;701446;CASH PLUS
Route d'AlgÈrie;701966;CASH PLUS
R…SIDENCE ADDOHA HAY MOHAMADI;701674;CASH PLUS
S P BOUJDOUR PPL;098828;BARID CASH
S P DAKHLA EL OUAHDA;098833;BARID CASH
S P ESSMARA PPL;098826;BARID CASH
S P LAAYOUNE BOULEVARD DE LA MARINE;098824;BARID CASH
SAADA PALESTINE;702151;CASH PLUS
SAFI JERIFAT;701391;CASH PLUS
SAHAT SERAGHENA;701670;CASH PLUS
SAHATEL  DEMNAT;098941;BARID CASH
SAHATEL  KHENICHET ;098943;BARID CASH
SAHATEL  SIDI ALLAL BAHRAOUI CENTRE KAMOUNI;098947;BARID CASH
SAHATEL AIT AOURIR;098935;BARID CASH
SAHATEL BOUSKOURA;098937;BARID CASH
SAHATEL CASA MY RCHID;098900;BARID CASH
SAHATEL KHEMISS AIT AMIRA ;098945;BARID CASH
SAHATEL LA∂YOUNE PLACE DCHEIRA;098903;BARID CASH
SAHATEL SIDI SLIMANE AV MED V;098915;BARID CASH
SAHATEL SIDI YAHIA ZAERS;098944;BARID CASH
SAHATEL SIDI YAHYA AL GHARB;098916;BARID CASH
SAHATEL TANGER ADDOHA EL WAFAE;098939;BARID CASH
SAHATEL TIT MELLIL ;098942;BARID CASH
SAHB EL WARD;701490;CASH PLUS
SAKAYAT BELKBIR;701222;CASH PLUS
SAKYA AL HAMRA;701925;CASH PLUS
SALA EL JADIDA Av Hassan II;700122;CASH PLUS
SALHAYSALAM;701143;CASH PLUS
SALMLYRACHIDFR;700106;CASH PLUS
SALTABREKT;700422;CASH PLUS
SBAAYOUN FR;700199;CASH PLUS
SBATA MEKNES;700167;CASH PLUS
SBS BNI RZIN ;098886;BARID CASH
SBS TETOUAN COLEMA;098883;BARID CASH
SBS TETOUAN HAY NASSIM;098884;BARID CASH
SC  FAM EL HISN;098284;BARID CASH
SC AGOURAI;098781;BARID CASH
SC AIN DORIJ;098791;BARID CASH
SC AIN TAOUJDATE;098784;BARID CASH
SC ASSA;098294;BARID CASH
SC BOUFAKRANE;097651;BARID CASH
SC BOUMALNE DADES;098787;BARID CASH
SC DAR KABDANI;098799;BARID CASH
SC FREIJA;098792;BARID CASH
SC IKNIOUEN;097655;BARID CASH
SC IMELCHIL;098790;BARID CASH
SC JERADA;097661;BARID CASH
SC JORF;098788;BARID CASH
SC KTAMA ;098782;BARID CASH
SC MEKNES HAY TAKADOUM;098793;BARID CASH
SC MSEMRIR;097654;BARID CASH
SC Oujda Les Iris;098286;BARID CASH
SC SIDI SLIMANE CHARAA BERKANE;097660;BARID CASH
SC TAHAR SOUK ;097657;BARID CASH
SC TARHZOUTE NAIT ATTA;098796;BARID CASH
SC TENDRARA;098786;BARID CASH
SC TEROUAL;097659;BARID CASH
SC TISSINT ;098283;BARID CASH
SDSLIMANPAM;701068;CASH PLUS
SEBT BENI GARFET;701416;CASH PLUS
SEBT JAHJOUH;700807;CASH PLUS
SEDRAOUIA;701184;CASH PLUS
SEFROMEDV;700901;CASH PLUS
SELOUANEFR;701160;CASH PLUS
SEMLALIA;701571;CASH PLUS
SETCHEIKH;700400;CASH PLUS
SETTAT Av Amira Lala Aicha;702059;CASH PLUS
SFASSIF;702232;CASH PLUS
SFT AIN AICHA;097781;BARID CASH
SFT DAR GUEDDARI;097782;BARID CASH
SFT MEHDIA;097787;BARID CASH
SGTP ANZA AGADIR;097807;BARID CASH
SGTP JAMAA GHEMAT;097802;BARID CASH
SGTP SIDI RAHHAL;097801;BARID CASH
SIDI AISSA CENTRE;702146;CASH PLUS
SIDI ALI BOURAKBA;701823;CASH PLUS
SIDI AMER EL HADI;701711;CASH PLUS
SIDI BOUATMANE;701329;CASH PLUS
SIDI EL KAMEL BELKSIRI;701590;CASH PLUS
SIDI IFNI;702178;CASH PLUS
SIDI JABER;702372;CASH PLUS
SIDI MBARK;701996;CASH PLUS
SIDIBENNOUR;701147;CASH PLUS
SIDICHENANE;701148;CASH PLUS
SIDIHAJJAJ;700770;CASH PLUS
SIDIKACEMMED5;701927;CASH PLUS
SIDISLIMANMEDV;701181;CASH PLUS
SKHIRAT;700460;CASH PLUS
SKHOUR REHAMNA;700836;CASH PLUS
SKIKIMA;700668;CASH PLUS
SLIMANE;700028;CASH PLUS
SMAALA;701949;CASH PLUS
SMPT HAD SOUALEM;098267;BARID CASH
SMPT KHMISSE ZMAMRA;098261;BARID CASH
SMPT MARRAKECH OURIKA;098259;BARID CASH
SMPT TAMELELT;098266;BARID CASH
SMPT TLATA HANCHANE;098265;BARID CASH
SOCOMA MARRAKECH;701553;CASH PLUS
SOUIKA SIDI MOUSSA ;702294;CASH PLUS
SOUK BIR CHIFA NAMODAJI;700897;CASH PLUS
SOUK BOULARBAH;700337;CASH PLUS
SOUK LARBAA ELGHARB;701261;CASH PLUS
SOUK LHAD;700601;CASH PLUS
SOUK MESSNANA;701485;CASH PLUS
SOUK MLILIYA;702152;CASH PLUS
SOUK OUED AMLIL;700672;CASH PLUS
SOUK SEBT II ;700444;CASH PLUS
SOUKSEBTFR;701162;CASH PLUS
SP  DAKHLA BIRANZARANE;098829;BARID CASH
SP BOUJDOUR;098834;BARID CASH
SP LAAYOUNE EL AOUDA;098831;BARID CASH
SP LAAYOUNE MARSA ;098835;BARID CASH
STADE JDID OUJDA;700174;CASH PLUS
Sabbah skhirat;701797;CASH PLUS
Saiss;700324;CASH PLUS
Saka;700484;CASH PLUS
Sebt Malha;700568;CASH PLUS
Settat route lebrouj;700467;CASH PLUS
Sid Mokhtar fr;702144;CASH PLUS
Sid Rahal Chataii;701460;CASH PLUS
Sidi Abdellah ghiyat;700706;CASH PLUS
Sidi Hajjaj;701017;CASH PLUS
Sidi baba;700958;CASH PLUS
Sidi batach;700517;CASH PLUS
Sinko Daoudiate;701005;CASH PLUS
Souk hebdomadaire;700644;CASH PLUS
TABOULA;701777;CASH PLUS
TACHAROUK2;700388;CASH PLUS
TADAOUTE;702153;CASH PLUS
TADDART;700688;CASH PLUS
TAFRAOUT PLACE ALBARID;702277;CASH PLUS
TAFROUKHTE;702135;CASH PLUS
TAGEL LOUNASSDA;097746;BARID CASH
TAGHBALTEFR;701188;CASH PLUS
TAGHJIJT FR;702397;CASH PLUS
TAGOUNITE ZAGOURA;701449;CASH PLUS
TAHANAOUT;702142;CASH PLUS
TAIBIA;700657;CASH PLUS
TAJAMOUATI EL MASIRA;700254;CASH PLUS
TALAA SGHIRA;700705;CASH PLUS
TALAT NYACOUB;701559;CASH PLUS
TAMALALT;701655;CASH PLUS
TAMANSOURT;701253;CASH PLUS
TAMESNA CENTRE;702086;CASH PLUS
TAMEZMOUT ZAGORA;700107;CASH PLUS
TANALOUAMA;701142;CASH PLUS
TANBOUKHALEF;700002;CASH PLUS
TANGER AHLAN;701932;CASH PLUS
TANGER HAWMATECHOUK;701230;CASH PLUS
TANJA BALIA MED 6;701043;CASH PLUS
TANPLAZATORO;701896;CASH PLUS
TAOUNAT KHAROUBA;701004;CASH PLUS
TAOURIRT EL MASSIRA;700951;CASH PLUS
TAOURIRTHAYLAKDIM ;700623;CASH PLUS
TAOURIRTMEDV;701386;CASH PLUS
TAOURIRTSALAM;701187;CASH PLUS
TAROUDANT;700408;CASH PLUS
TAROUDANTE;700359;CASH PLUS
TASSAOUET TRANSFERT SIDI TAIBI ;097671;BARID CASH
TASSAOUET TRANSFERT TIZGUINE;097969;BARID CASH
TASSAOUT;702192;CASH PLUS
TASSAOUT KELAAT SRAGHNA;700792;CASH PLUS
TASSAOUT TRANSFERT LAATAMNA;097814;BARID CASH
TATA Av des FAR;700159;CASH PLUS
TATOFT;700617;CASH PLUS
TAYRET;701984;CASH PLUS
TAZA CENTRE;701192;CASH PLUS
TAZAOURIDA1;701191;CASH PLUS
TAZARINE FR2;702291;CASH PLUS
TAZNAKHT;702095;CASH PLUS
TELOUET;700566;CASH PLUS
TEMARA Hay Nahda;702062;CASH PLUS
TEMARA MASSIRA II;700168;CASH PLUS
TETOUAN  AVENIDA;700157;CASH PLUS
TEXBUREAUJEBARI;700667;CASH PLUS
TGHAT;701632;CASH PLUS
TIDILI;701418;CASH PLUS
TIDILI MASFIOUA;702398;CASH PLUS
TIGHADOUINE;702399;CASH PLUS
TIGHAZRIN;700550;CASH PLUS
TIGHESSALINE;700851;CASH PLUS
TIGUEMI LAJDID;702042;CASH PLUS
TIHITE TINGHIR;701038;CASH PLUS
TIKOUINE HAY ZAITOUNE;701404;CASH PLUS
TIMSLIN AIT ZINEB;700206;CASH PLUS
TINDIT;702166;CASH PLUS
TINGHIR;700418;CASH PLUS
TINJDAD HASSAN 2;701101;CASH PLUS
TINZOLINE ;700142;CASH PLUS
TINZOLINE FR2;700849;CASH PLUS
TIZI NISLY;700937;CASH PLUS
TMM MOHAMMEDIA MOUNASTIR;098752;BARID CASH
TOULALFR;701205;CASH PLUS
TRIK 51 TMRAA;701728;CASH PLUS
TRIK AHLLAN EL OUAD;701573;CASH PLUS
TT AG LAAYOUNE HAY RAHMA;098823;BARID CASH
TT LAAYOUNE BD MOHAMMED VI ;098810;BARID CASH
TT LAAYOUNE PORT;098815;BARID CASH
TT LAAYOUNE PRINCIPALE;098800;BARID CASH
TT LAAYOUNE SOUK JMAL;098811;BARID CASH
Tafetchna;701695;CASH PLUS
Tagleft centre azilal;700948;CASH PLUS
Tamaris km 19;701804;CASH PLUS
Tanger Ville Gare;700656;CASH PLUS
Tanger balia Souk lkorb;701800;CASH PLUS
Tantan Hay Sahra;701721;CASH PLUS
Tantan mohamed 5;701584;CASH PLUS
Taounza;702082;CASH PLUS
Tasshilat  Sarbout;010044;M2T
Tasshilat 2 YSH;004841;M2T
Tasshilat Aarab;015075;M2T
Tasshilat Achmit;006304;M2T
Tasshilat Achtouk;010567;M2T
Tasshilat Ait Belk;009084;M2T
Tasshilat Ait Boubker;010086;M2T
Tasshilat Al Agri ;010525;M2T
Tasshilat Amachraa;006217;M2T
Tasshilat Amezzoug;009226;M2T
Tasshilat Amzieb;003965;M2T
Tasshilat Anaynyaa;010050;M2T
Tasshilat Aouassaf;010322;M2T
Tasshilat Asbai;003456;M2T
Tasshilat Assabbane;006100;M2T
Tasshilat Azlou;003530;M2T
Tasshilat BOUSETTA;000952;M2T
Tasshilat Baarar;006511;M2T
Tasshilat Belachhab;006676;M2T
Tasshilat Ben Brahim;006131;M2T
Tasshilat Benamar;006068;M2T
Tasshilat Benamier;002204;M2T
Tasshilat Bendraka;009349;M2T
Tasshilat Bengrich;008127;M2T
Tasshilat Benibourk;006994;M2T
Tasshilat Benkhadda;000164;M2T
Tasshilat Bouaiddindan;003347;M2T
Tasshilat Bouali;006416;M2T
Tasshilat Boughoufala;010125;M2T
Tasshilat Boulidat;003096;M2T
Tasshilat Boussettaoui;006763;M2T
Tasshilat Boutoumit;008086;M2T
Tasshilat Ddidi;015107;M2T
Tasshilat Dima Systemes;006005;M2T
Tasshilat Douass;002131;M2T
Tasshilat Drif;010373;M2T
Tasshilat Drouguerie Sebou Negoce;010258;M2T
Tasshilat El Amerany;003324;M2T
Tasshilat El Amrani;001109;M2T
Tasshilat El Amraoui;004311;M2T
Tasshilat El Bakkali;009436;M2T
Tasshilat El Hachimi;004508;M2T
Tasshilat El Idrissi Oberka;006150;M2T
Tasshilat El Karoui;000138;M2T
Tasshilat El Mebrouki;006056;M2T
Tasshilat El Morghady;004571;M2T
Tasshilat El Wali;006397;M2T
Tasshilat Elgarda;010746;M2T
Tasshilat Elkaidi;006934;M2T
Tasshilat En-Nahibi;001581;M2T
Tasshilat Errossafi;010007;M2T
Tasshilat Espace Multiservices;001548;M2T
Tasshilat Ettalebi;003895;M2T
Tasshilat Fikhane;010104;M2T
Tasshilat Fraihi;002034;M2T
Tasshilat Goujet;005469;M2T
Tasshilat Hajaoui;003408;M2T
Tasshilat Hajrati;015108;M2T
Tasshilat Hamioui;009242;M2T
Tasshilat Heddoub;006836;M2T
Tasshilat Hna Five Service;004183;M2T
Tasshilat Immo Distrib;010384;M2T
Tasshilat Info Bled Jed;004546;M2T
Tasshilat Jbilou;006281;M2T
Tasshilat KM Tech;004042;M2T
Tasshilat Kennab;010009;M2T
Tasshilat Khachane;003344;M2T
Tasshilat Kholti;003642;M2T
Tasshilat Kissane;006999;M2T
Tasshilat Laassiry;004562;M2T
Tasshilat Labjaoui;010333;M2T
Tasshilat Lahbal;010319;M2T
Tasshilat Lahrache;004306;M2T
Tasshilat Lamaachi Info;004575;M2T
Tasshilat Laverie Blanchisserie Pressing Nouasser;009426;M2T
Tasshilat Librerie Papeterie Ifran;003948;M2T
Tasshilat Mazgar;010271;M2T
Tasshilat Messaadi ;010692;M2T
Tasshilat Midou;004004;M2T
Tasshilat Mouadi;006496;M2T
Tasshilat Moumene;000295;M2T
Tasshilat Moumni;006532;M2T
Tasshilat Nakhil Essalam;009305;M2T
Tasshilat Naor;009380;M2T
Tasshilat Nassif;010399;M2T
Tasshilat Nia;006905;M2T
Tasshilat Oubahtine  ;010745;M2T
Tasshilat Ouchaqir;015129;M2T
Tasshilat Oumhella;010250;M2T
Tasshilat Outari;003860;M2T
Tasshilat Rattab;000026;M2T
Tasshilat Rhrich Abdellatif;001570;M2T
Tasshilat Saadan ;010718;M2T
Tasshilat Saadi;001262;M2T
Tasshilat Sakhi;009264;M2T
Tasshilat Sbaii;001518;M2T
Tasshilat Soualem;001303;M2T
Tasshilat Tabat;005623;M2T
Tasshilat Tahri;002753;M2T
Tasshilat Taleb Said;010297;M2T
Tasshilat Taoufik;002019;M2T
Tasshilat Techfond;001373;M2T
Tasshilat Temli;002101;M2T
Tasshilat Tirani;006690;M2T
Tasshilat Yacoubi Service;000641;M2T
Tetouan place El hamama;702058;CASH PLUS
Tin Mansour;701618;CASH PLUS
Tiznit Quartier Afraq;701380;CASH PLUS
Tlat louled;701498;CASH PLUS
VISITE TECHNIQUE PONT BENKHIRANE;701780;CASH PLUS
WAFAE HAY ANAIM;700259;CASH PLUS
WALAA;700386;CASH PLUS
WE TRANSFERT AKNOULˇ ;097971;BARID CASH
WatteauDerb Ghellaf;702304;CASH PLUS
YAMOURI;700345;CASH PLUS
YOUSSOUFIA  HAY HASSANI;701953;CASH PLUS
YOUSSOUFIA  LAGHDIR;700979;CASH PLUS
YSF EL JADIDA MOHAMED V;098725;BARID CASH
Yasmine Khemisset;700923;CASH PLUS
ZAGORA;701897;CASH PLUS
ZAHWA;700215;CASH PLUS
ZAIDA CENTRE;700844;CASH PLUS
ZAIOUCHABIBA;700496;CASH PLUS
ZAYTOUN HASSAN II;700563;CASH PLUS
ZEGOTA;702346;CASH PLUS
ZGHANGHAN;700763;CASH PLUS
ZHAILIGA;702252;CASH PLUS
ZM BOUSKOURA VICTORIA;097940;BARID CASH
ZONE INDUSTRIELLE MLY RCHID;700551;CASH PLUS
ZOUAGHA HAUT;700116;CASH PLUS
ZOUHOUR;700354;CASH PLUS
ZYATINE 2;701760;CASH PLUS
Zankat beni amir;700487;CASH PLUS
Zeghanghane jaadar;701838;CASH PLUS
alfarah 2 khmisset;700685;CASH PLUS
anassi 3;701785;CASH PLUS
baabcha.elogla;701863;CASH PLUS
bab jdid;701132;CASH PLUS
bd Taddart;701867;CASH PLUS
chaabi cash amalou cash;009532;M2T
chaouen ain haouzi;700560;CASH PLUS
chateau hay farah1;700694;CASH PLUS
eddoha arsatzitoun;702104;CASH PLUS
errich tahmidante;701732;CASH PLUS
faryata tagzirt;700488;CASH PLUS
fes chefchaouni;701747;CASH PLUS
first sidi maarouf;701647;CASH PLUS
fËs shore;701604;CASH PLUS
hay commandar;701734;CASH PLUS
hay rahma nassim;700593;CASH PLUS
hay riad;700506;CASH PLUS
hay salam sok larba;700635;CASH PLUS
kalaat boqorra;701702;CASH PLUS
lahmidyine;700698;CASH PLUS
lahraouin.akramine;700313;CASH PLUS
lala soukaina;702141;CASH PLUS
lotissement ragraga;701128;CASH PLUS
marassa rabat;701921;CASH PLUS
marche de gros route kenitra;700732;CASH PLUS
mosquÈe ennour;702289;CASH PLUS
mouaza1 sale;700696;CASH PLUS
najmat el janoub;700335;CASH PLUS
nejma tanger;701700;CASH PLUS
oued errammane;700524;CASH PLUS
ouled Driss;700519;CASH PLUS
ouled bouhmed ouled zarrad;701499;CASH PLUS
ouled hamdane;701752;CASH PLUS
ouledmesbah;702162;CASH PLUS
quartier rmel;701708;CASH PLUS
sanyat berguig;700469;CASH PLUS
sidi aissa centre 2;702133;CASH PLUS
sidi ali benhamdouche;700843;CASH PLUS
sidi bouzkri lhay;701842;CASH PLUS
walili.haysalam;701837;CASH PLUS
zerktouni 2;701438;CASH PLUS
